-- MariaDB dump 10.19  Distrib 10.4.27-MariaDB, for Win64 (AMD64)
--
-- Host: localhost    Database: nwf_db
-- ------------------------------------------------------
-- Server version	10.4.27-MariaDB

/*!40101 SET @OLD_CHARACTER_SET_CLIENT=@@CHARACTER_SET_CLIENT */;
/*!40101 SET @OLD_CHARACTER_SET_RESULTS=@@CHARACTER_SET_RESULTS */;
/*!40101 SET @OLD_COLLATION_CONNECTION=@@COLLATION_CONNECTION */;
/*!40101 SET NAMES utf8mb4 */;
/*!40103 SET @OLD_TIME_ZONE=@@TIME_ZONE */;
/*!40103 SET TIME_ZONE='+00:00' */;
/*!40014 SET @OLD_UNIQUE_CHECKS=@@UNIQUE_CHECKS, UNIQUE_CHECKS=0 */;
/*!40014 SET @OLD_FOREIGN_KEY_CHECKS=@@FOREIGN_KEY_CHECKS, FOREIGN_KEY_CHECKS=0 */;
/*!40101 SET @OLD_SQL_MODE=@@SQL_MODE, SQL_MODE='NO_AUTO_VALUE_ON_ZERO' */;
/*!40111 SET @OLD_SQL_NOTES=@@SQL_NOTES, SQL_NOTES=0 */;

--
-- Table structure for table `categories`
--

DROP TABLE IF EXISTS `categories`;
/*!40101 SET @saved_cs_client     = @@character_set_client */;
/*!40101 SET character_set_client = utf8 */;
CREATE TABLE `categories` (
  `categoryID` int(11) NOT NULL AUTO_INCREMENT,
  `userID` int(11) NOT NULL,
  `categoryName` varchar(255) NOT NULL,
  `categoryType` varchar(255) NOT NULL,
  `categoryLink` varchar(255) DEFAULT NULL,
  `categoryDescription` text NOT NULL,
  `categoryStatus` tinyint(1) NOT NULL DEFAULT 0,
  `categoryDateCreated` datetime NOT NULL DEFAULT current_timestamp(),
  `categoryDateUpdated` timestamp NOT NULL DEFAULT current_timestamp() ON UPDATE current_timestamp(),
  PRIMARY KEY (`categoryID`)
) ENGINE=InnoDB AUTO_INCREMENT=70 DEFAULT CHARSET=utf8 COLLATE=utf8_unicode_ci;
/*!40101 SET character_set_client = @saved_cs_client */;

--
-- Dumping data for table `categories`
--

LOCK TABLES `categories` WRITE;
/*!40000 ALTER TABLE `categories` DISABLE KEYS */;
INSERT INTO `categories` VALUES (67,1,'Images','Gallery','','Images uploaded using the Dashboard1',0,'2023-03-03 23:01:45','2023-04-01 20:49:28'),(68,1,'Files','Documents','','Files as Documents uploaded using the Dashboard',0,'2023-03-03 23:03:14','2023-03-18 19:13:01');
/*!40000 ALTER TABLE `categories` ENABLE KEYS */;
UNLOCK TABLES;

--
-- Table structure for table `companies`
--

DROP TABLE IF EXISTS `companies`;
/*!40101 SET @saved_cs_client     = @@character_set_client */;
/*!40101 SET character_set_client = utf8 */;
CREATE TABLE `companies` (
  `companyID` int(11) unsigned NOT NULL AUTO_INCREMENT,
  `userID` int(11) NOT NULL,
  `companyName` varchar(255) NOT NULL,
  `companyAddress` varchar(255) NOT NULL,
  `companyCity` varchar(255) NOT NULL,
  `companyState` varchar(2) NOT NULL,
  `companyZip` varchar(10) NOT NULL,
  `companyPhone` varchar(20) NOT NULL,
  `companyEmail` varchar(255) NOT NULL,
  `companyStatus` tinyint(1) NOT NULL DEFAULT 1,
  `companyDateCreated` datetime NOT NULL DEFAULT current_timestamp(),
  `companyDateUpdated` timestamp NOT NULL DEFAULT current_timestamp() ON UPDATE current_timestamp(),
  PRIMARY KEY (`companyID`)
) ENGINE=InnoDB AUTO_INCREMENT=17 DEFAULT CHARSET=utf8 COLLATE=utf8_swedish_ci;
/*!40101 SET character_set_client = @saved_cs_client */;

--
-- Dumping data for table `companies`
--

LOCK TABLES `companies` WRITE;
/*!40000 ALTER TABLE `companies` DISABLE KEYS */;
INSERT INTO `companies` VALUES (14,1,'Amazon','32/5/8 Colerusgasse','Wien','Au','1220','+436766115561','ademi.neshat@gmail.com',1,'2023-03-23 00:05:57','2023-03-22 23:06:44'),(15,1,'Media Markt','32/5/8 Colerusgasse','Wien','Au','1220','+436766115561','ademi.neshat@gmail.com',1,'2023-03-25 19:31:55','2023-03-25 18:31:55'),(16,1,'Microsoft','32/5/8 Colerusgasse','Wien','Au','1220','+436766115561','ademi.neshat@gmail.com',1,'2023-03-26 21:38:03','2023-03-26 19:38:03');
/*!40000 ALTER TABLE `companies` ENABLE KEYS */;
UNLOCK TABLES;

--
-- Table structure for table `files`
--

DROP TABLE IF EXISTS `files`;
/*!40101 SET @saved_cs_client     = @@character_set_client */;
/*!40101 SET character_set_client = utf8 */;
CREATE TABLE `files` (
  `fileID` int(11) NOT NULL AUTO_INCREMENT,
  `userID` int(11) NOT NULL,
  `categoryID` int(11) NOT NULL,
  `fileName` varchar(255) DEFAULT NULL,
  `fileType` varchar(255) DEFAULT NULL,
  `fileLink` varchar(255) NOT NULL,
  `fileStatus` tinyint(1) NOT NULL DEFAULT 1,
  `fileDateCreated` datetime NOT NULL DEFAULT current_timestamp(),
  `fileDateUpdated` timestamp NOT NULL DEFAULT current_timestamp() ON UPDATE current_timestamp(),
  PRIMARY KEY (`fileID`)
) ENGINE=InnoDB AUTO_INCREMENT=28 DEFAULT CHARSET=utf8 COLLATE=utf8_unicode_ci;
/*!40101 SET character_set_client = @saved_cs_client */;

--
-- Dumping data for table `files`
--

LOCK TABLES `files` WRITE;
/*!40000 ALTER TABLE `files` DISABLE KEYS */;
INSERT INTO `files` VALUES (21,1,68,'640cd13ff22b0_pdf-test.pdf','pdf','http://localhost/n-web-framework/public/uploads/files/640cd13ff22b0_pdf-test.pdf',1,'2023-03-11 20:06:39','2023-03-11 19:06:39'),(22,1,67,'640cd148b97b9_albania.png','png','http://localhost/n-web-framework/public/uploads/images/640cd148b97b9_albania.png',1,'2023-03-11 20:06:48','2023-03-11 19:06:48'),(24,1,67,'640cd15c66e05_germany.png','png','http://localhost/n-web-framework/public/uploads/images/640cd15c66e05_germany.png',1,'2023-03-11 20:07:08','2023-03-11 19:07:08'),(25,1,68,'640cd19cb10ad_pdf-test.pdf','pdf','http://localhost/n-web-framework/public/uploads/files/640cd19cb10ad_pdf-test.pdf',1,'2023-03-11 20:08:12','2023-03-11 19:08:12'),(26,1,68,'640cd4d7161d7_pdf-test.pdf','pdf','http://localhost/n-web-framework/public/uploads/files/640cd4d7161d7_pdf-test.pdf',1,'2023-03-11 20:21:59','2023-03-11 19:21:59'),(27,1,67,'640cd4f83f2a8_pic2140px.jpg','jpg','http://localhost/n-web-framework/public/uploads/images/640cd4f83f2a8_pic2140px.jpg',1,'2023-03-11 20:22:32','2023-03-11 19:22:32');
/*!40000 ALTER TABLE `files` ENABLE KEYS */;
UNLOCK TABLES;

--
-- Table structure for table `invoices`
--

DROP TABLE IF EXISTS `invoices`;
/*!40101 SET @saved_cs_client     = @@character_set_client */;
/*!40101 SET character_set_client = utf8 */;
CREATE TABLE `invoices` (
  `invoiceID` int(11) unsigned NOT NULL AUTO_INCREMENT,
  `companyID` int(11) NOT NULL,
  `userID` int(11) NOT NULL,
  `invoiceTotalPrice` float(10,2) NOT NULL,
  `invoiceStatus` tinyint(1) NOT NULL DEFAULT 1,
  `invoiceDateCreated` datetime NOT NULL DEFAULT current_timestamp(),
  `invoiceDateUpdated` timestamp NOT NULL DEFAULT current_timestamp() ON UPDATE current_timestamp(),
  PRIMARY KEY (`invoiceID`)
) ENGINE=InnoDB AUTO_INCREMENT=67 DEFAULT CHARSET=utf8 COLLATE=utf8_swedish_ci;
/*!40101 SET character_set_client = @saved_cs_client */;

--
-- Dumping data for table `invoices`
--

LOCK TABLES `invoices` WRITE;
/*!40000 ALTER TABLE `invoices` DISABLE KEYS */;
INSERT INTO `invoices` VALUES (6,14,1,550.00,1,'2023-03-25 19:30:22','2023-03-25 18:30:22'),(7,15,1,700.00,1,'2023-03-25 19:31:55','2023-03-25 18:31:55'),(62,16,1,510.00,1,'2023-03-26 21:38:03','2023-03-26 19:38:03'),(64,16,1,900.00,1,'2023-03-26 21:45:35','2023-03-26 19:45:35'),(65,15,1,1500.00,1,'2023-03-26 21:46:16','2023-03-26 19:46:16'),(66,14,1,1600.00,1,'2023-04-01 14:42:19','2023-04-01 12:42:19');
/*!40000 ALTER TABLE `invoices` ENABLE KEYS */;
UNLOCK TABLES;

--
-- Table structure for table `languages`
--

DROP TABLE IF EXISTS `languages`;
/*!40101 SET @saved_cs_client     = @@character_set_client */;
/*!40101 SET character_set_client = utf8 */;
CREATE TABLE `languages` (
  `languageID` int(11) NOT NULL AUTO_INCREMENT,
  `userID` int(11) NOT NULL,
  `languageName` varchar(255) NOT NULL,
  `languageCode` varchar(255) NOT NULL,
  `languageFlag` longtext DEFAULT NULL,
  `languageStatus` tinyint(1) NOT NULL DEFAULT 0,
  `languageDateCreated` datetime NOT NULL DEFAULT current_timestamp(),
  `languageDateUpdated` timestamp NOT NULL DEFAULT current_timestamp() ON UPDATE current_timestamp(),
  PRIMARY KEY (`languageID`)
) ENGINE=InnoDB AUTO_INCREMENT=5 DEFAULT CHARSET=utf8 COLLATE=utf8_swedish_ci;
/*!40101 SET character_set_client = @saved_cs_client */;

--
-- Dumping data for table `languages`
--

LOCK TABLES `languages` WRITE;
/*!40000 ALTER TABLE `languages` DISABLE KEYS */;
INSERT INTO `languages` VALUES (1,1,'Shqip','AL','data:image/png;base64,iVBORw0KGgoAAAANSUhEUgAAACAAAAAgCAYAAABzenr0AAAACXBIWXMAAoSIAANbYAExW0yVAAACGElEQVRYw2NgGAUjHjyRU/g/kHjUAUPDAXdk5ODsm0D2YlGx/+elZeFiF4DsRUCxG0jqkPVQ7IBJwiL/y/kF/p+VkvnfIij0X4WF9T8XI+P/00D+WWmZ/9xAtjJQrAkodwYoVi0g+L9PSIR6DtgnKfW/DmhoCDf3f3VW1v+dQsL/nTk4//twcf335+L+7whkdwPFNIFywUA+SO1eCSnqOiCRh/d/BDfPf2DO/W/Ozv5/hogomA3CU4EhZM3OAWaHA9WA1O6hpgO2S0j+jwcaGgvEMEtx4WigAxKA6raIS1LPAZuAhhUD04AvMMgJOcCbkwusdoO4BPUcsBFoWCjQZ6m8fAQdkAJUEwZUu56aDgDFZyMwhefz8f9XZGH5L8LE9J8ZyVIQGyQGkssFqgGp3UXNNHASmLVAqRzku2ygBUXAIDZgY4M7QA/IBoll8fGB1XQB1Z4A6qGaA45ISv8vBFoMKoTWiEmAsx4oSkBZ0Z6DA5w7QOljNVAOpAaUBg4B9VDNASvExP+XAQ2tAOIJwCwHKg/2A7OmEDDYBYAYxAaJ9QMLn0qgmlIgXiYqTj0HgIrYVmC8gorf2cD8P19E7H8QMBRgURAAZM8Fis0B4nPAkrENqPYaNYtidHwQGLygEFECJjpQwgP5+ICkFH1rQ5CPnaBpAMQekOo4HZjik4F4wNoDd2Tl/t8mMq5HW0SjDsDpgFEw4gEA6+DzYWbjMDEAAAAASUVORK5CYII=',0,'2023-02-25 10:12:52','2023-02-25 09:40:49'),(2,1,'English','EN','data:image/png;base64,iVBORw0KGgoAAAANSUhEUgAAACAAAAAgCAYAAABzenr0AAAACXBIWXMAAoSIAANbYAExW0yVAAABx0lEQVRYw+2Wv0sCYRjHn8EIMUHFwX/D2bWhSWdHB4XI0gQHt8DZP0KXCIKERlcHh/IHhIhpKqaloomUKJ1+407O0NR77xQd8gvPcu+93+8H7r3nfYj22otckFODwTfakQgeiGaqEQqBl1Z7IcuP3O5rHB6ebR1ApTqFwxEG8ZteXz/ACrIugBicTxXxFgxOAESxgCgFmA9O6/XCPsofH+MzHgcriFyAZcFZsxndaBSUVKuFB6wgrABSwaKolsmj6vWCFUQKwGC4ZArm1e32QRrNOfz+W7CCjEbjlQClpxJT8NXVPXQ6L2g45MAXx40mqxyH8XA4rUVaBcCyn88Sc6kdDkNuVVyuPwAvdjuUeNG80bZrD7B7AP70yi3+wM0bFaxWKPEiKNDK31CmSK/3wuO5Qb3enVnoJ5Mo2GxIabVIGwyo+nxo5UoYj1c3ok7na8bnM5HA88nJxMdoRC0QwHuujEDgDkajD1QsthYG86aPBweoOJ1opLPTziXVik0mv9BZm83ejG8vFkPOYhHeTR0dCSDlTOH3E0gFy72MxBYvBUKswUqvYykQYg1edyBZBkKswZsayeZBiDV400OpCLL7sXyvf68frcUzdoeMD0IAAAAASUVORK5CYII=',0,'2023-02-25 10:41:20','2023-03-18 19:21:40'),(3,1,'Deutsch','DE','data:image/png;base64,iVBORw0KGgoAAAANSUhEUgAAACAAAAAgCAYAAABzenr0AAAACXBIWXMAAoSIAANbYAExW0yVAAAAPklEQVRYw+3XsQ0AIAwDwd9/N5ggzGKyhZu39BHltYBzkHICBAgoA2ZPM96eZgIECCCHNCN3H8UECBDgr8h9GCGnDEJtKVEAAAAASUVORK5CYII=',0,'2023-02-25 10:41:38','2023-02-25 09:41:38');
/*!40000 ALTER TABLE `languages` ENABLE KEYS */;
UNLOCK TABLES;

--
-- Table structure for table `pages`
--

DROP TABLE IF EXISTS `pages`;
/*!40101 SET @saved_cs_client     = @@character_set_client */;
/*!40101 SET character_set_client = utf8 */;
CREATE TABLE `pages` (
  `pageID` int(11) NOT NULL AUTO_INCREMENT,
  `userID` int(11) NOT NULL,
  `languageID` int(11) NOT NULL,
  `pageName` varchar(255) NOT NULL,
  `pageTitle` varchar(255) NOT NULL,
  `pageContent` text NOT NULL,
  `PageMetaTitle` varchar(255) NOT NULL,
  `PageMetaDescription` text NOT NULL,
  `PageMetaKeywords` text NOT NULL,
  `pageStatus` tinyint(1) NOT NULL DEFAULT 0,
  `pageDateCreated` datetime NOT NULL DEFAULT current_timestamp(),
  `pageDateUpdated` timestamp NOT NULL DEFAULT current_timestamp() ON UPDATE current_timestamp(),
  PRIMARY KEY (`pageID`)
) ENGINE=InnoDB AUTO_INCREMENT=69 DEFAULT CHARSET=utf8 COLLATE=utf8_unicode_ci;
/*!40101 SET character_set_client = @saved_cs_client */;

--
-- Dumping data for table `pages`
--

LOCK TABLES `pages` WRITE;
/*!40000 ALTER TABLE `pages` DISABLE KEYS */;
INSERT INTO `pages` VALUES (22,1,1,'about','ABOUT US','<h2><strong>Abous Us</strong></h2>\r\n\r\n<p>Lorem ipsum dolor sit amet consectetur adipisicing elit. Quos veniam optio dolorem. Mollitia, perferendis officia. Dignissimos pariatur quidem quos commodi a! Error soluta velit at recusandae quae esse illo magni earum asperiores id, itaque vel sint, voluptatibus magnam cupiditate quis eum adipisci dignissimos minima ipsam sapiente cumque nostrum necessitatibus nihil. Impedit at beatae dicta doloribus quasi natus amet illo mollitia ad tempora rem asperiores, laboriosam saepe, unde, molestias dolore. Ea facilis recusandae optio, doloribus, architecto voluptatum voluptatibus, minus aliquam excepturi tempore omnis culpa nam incidunt vero natus labore nobis aspernatur exercitationem! Nobis illo a in, laborum voluptate dolorum aliquid repudiandae.</p>\r\n','','','',1,'2020-04-10 13:04:03','2023-03-17 23:25:16'),(26,1,2,'home','HOME','<h2><strong>HOME</strong></h2>\r\n\r\n<p>Lorem ipsum dolor sit amet consectetur adipisicing elit. Soluta, unde magni. Magni saepe expedita autem quam inventore veritatis eum omnis! Sapiente a vel, maxime fugit in dolor, est accusantium libero, nesciunt perferendis inventore! Molestias assumenda magnam eius praesentium dolor ipsa excepturi libero quia eaque? Nobis exercitationem repudiandae perferendis. Inventore recusandae, corrupti commodi ab eveniet nesciunt cum. Corporis cum cupiditate est ullam debitis laudantium ipsam reprehenderit similique, molestiae explicabo officiis itaque totam, quaerat, minus dolore sed et tempore eveniet beatae! Voluptas nemo ex numquam esse autem officia illo, voluptatibus hic modi, error, laboriosam rem. Dignissimos, id accusantium numquam delectus ullam iusto?</p>\r\n','','','',1,'2020-04-13 13:43:10','2023-03-18 19:02:12'),(31,1,3,'contact','CONTACT','<p><span style=\"font-size:2em;\"><i class=\"fas fa-map-marker-alt\"></span><br />\r\n<span style=\"font-size:20px;\">company<br />\r\naddress,<br />\r\npostalcode city,<br />\r\nCountry<br />\r\n<br />\r\n<i class=\"fas fa-phone-square-alt\"> <strong class=\"pl-1\">Tel: </strong><a href=\"tel:+00 000 00 00 00\">+00 000 00 00 00</a><br />\r\n<i class=\"fas fa-phone-square-alt\"> <strong class=\"pl-1\">Tel: </strong><a href=\"tel:+00 000 00 00 00\">+00 000 00 00 00</a><br />\r\n<i class=\"fas fa-envelope\"> <small class=\"pl-1\"><strong>E-Mail:</strong> <a href=\"mailto:office@company.com\">office@company.com</a></small></span></p>\r\n','','','',1,'2020-04-13 17:15:46','2023-03-18 13:31:34'),(68,1,0,'test','222','<p>222222</p>\r\n','222','222','2222',0,'2023-02-21 19:56:51','2023-02-25 11:29:32');
/*!40000 ALTER TABLE `pages` ENABLE KEYS */;
UNLOCK TABLES;

--
-- Table structure for table `services`
--

DROP TABLE IF EXISTS `services`;
/*!40101 SET @saved_cs_client     = @@character_set_client */;
/*!40101 SET character_set_client = utf8 */;
CREATE TABLE `services` (
  `serviceID` int(11) unsigned NOT NULL AUTO_INCREMENT,
  `invoiceID` int(11) NOT NULL,
  `userID` int(11) NOT NULL,
  `serviceName` varchar(255) NOT NULL,
  `serviceDescription` text DEFAULT NULL,
  `serviceQuantity` int(11) NOT NULL,
  `servicePrice` float(10,2) NOT NULL,
  `serviceStatus` tinyint(1) NOT NULL DEFAULT 1,
  `serviceDateCreated` datetime NOT NULL DEFAULT current_timestamp(),
  `serviceDateUpdated` timestamp NOT NULL DEFAULT current_timestamp() ON UPDATE current_timestamp(),
  PRIMARY KEY (`serviceID`)
) ENGINE=InnoDB AUTO_INCREMENT=29 DEFAULT CHARSET=utf8 COLLATE=utf8_swedish_ci;
/*!40101 SET character_set_client = @saved_cs_client */;

--
-- Dumping data for table `services`
--

LOCK TABLES `services` WRITE;
/*!40000 ALTER TABLE `services` DISABLE KEYS */;
INSERT INTO `services` VALUES (4,6,1,'book','sdfsdfsdfsd',1,50.00,1,'2023-03-25 19:30:22','2023-04-01 12:45:13'),(5,6,1,'Phone','sdfsfsdfds',2,500.00,1,'2023-03-25 19:30:22','2023-04-01 12:45:13'),(6,7,1,'scooter','sdfdsgdfgdfgdfgdf',2,700.00,1,'2023-03-25 19:31:55','2023-04-01 12:45:13'),(20,62,1,'book2','sdfssdf',3,10.00,1,'2023-03-26 21:38:03','2023-04-01 12:45:13'),(21,62,1,'Phone','sdfsddsf',1,500.00,1,'2023-03-26 21:38:03','2023-04-01 12:45:13'),(24,64,1,'scooter','dsfdfgdfg',2,900.00,1,'2023-03-26 21:45:35','2023-04-01 12:45:13'),(25,65,1,'pc','fdghfghfgh',2,1500.00,1,'2023-03-26 21:46:16','2023-04-01 12:45:13'),(26,66,1,'Test1','sdfsfds',3,500.00,1,'2023-04-01 14:42:19','2023-04-01 12:45:13'),(27,66,1,'test2','dfdfgdfg',2,100.00,1,'2023-04-01 14:42:19','2023-04-01 12:45:13'),(28,66,1,'test3','dfdfgdfg',2,100.00,1,'2023-04-01 14:42:19','2023-04-01 12:45:13');
/*!40000 ALTER TABLE `services` ENABLE KEYS */;
UNLOCK TABLES;

--
-- Table structure for table `settings`
--

DROP TABLE IF EXISTS `settings`;
/*!40101 SET @saved_cs_client     = @@character_set_client */;
/*!40101 SET character_set_client = utf8 */;
CREATE TABLE `settings` (
  `settingID` int(11) NOT NULL AUTO_INCREMENT,
  `userID` int(11) NOT NULL,
  `languageID` int(11) NOT NULL,
  `settingTheme` varchar(255) NOT NULL,
  `settingStatus` tinyint(1) NOT NULL DEFAULT 1,
  `settingDateCreated` datetime NOT NULL DEFAULT current_timestamp(),
  `settingDateUpdated` timestamp NOT NULL DEFAULT current_timestamp() ON UPDATE current_timestamp(),
  PRIMARY KEY (`settingID`)
) ENGINE=InnoDB AUTO_INCREMENT=11 DEFAULT CHARSET=utf8 COLLATE=utf8_unicode_ci;
/*!40101 SET character_set_client = @saved_cs_client */;

--
-- Dumping data for table `settings`
--

LOCK TABLES `settings` WRITE;
/*!40000 ALTER TABLE `settings` DISABLE KEYS */;
INSERT INTO `settings` VALUES (4,1,3,'dark',1,'2023-03-01 10:16:41','2023-04-02 11:14:10'),(5,55,1,'light',1,'2023-03-01 10:16:41','2023-03-05 19:34:38'),(7,33,2,'dark',1,'2023-03-01 10:17:37','2023-03-05 19:34:43'),(10,67,1,'light',1,'2023-03-18 15:28:12','2023-04-02 11:16:59');
/*!40000 ALTER TABLE `settings` ENABLE KEYS */;
UNLOCK TABLES;

--
-- Table structure for table `translations`
--

DROP TABLE IF EXISTS `translations`;
/*!40101 SET @saved_cs_client     = @@character_set_client */;
/*!40101 SET character_set_client = utf8 */;
CREATE TABLE `translations` (
  `translationID` int(11) NOT NULL AUTO_INCREMENT,
  `userID` int(11) NOT NULL,
  `languageID` int(11) NOT NULL,
  `translationCode` int(11) NOT NULL,
  `translationText` text NOT NULL,
  `translationStatus` tinyint(1) NOT NULL DEFAULT 0,
  `translationDateCreated` datetime NOT NULL DEFAULT current_timestamp(),
  `translationDateUpdated` timestamp NOT NULL DEFAULT current_timestamp() ON UPDATE current_timestamp(),
  PRIMARY KEY (`translationID`)
) ENGINE=InnoDB AUTO_INCREMENT=14 DEFAULT CHARSET=utf8 COLLATE=utf8_swedish_ci;
/*!40101 SET character_set_client = @saved_cs_client */;

--
-- Dumping data for table `translations`
--

LOCK TABLES `translations` WRITE;
/*!40000 ALTER TABLE `translations` DISABLE KEYS */;
INSERT INTO `translations` VALUES (5,1,2,111,'This text is in english language',0,'2023-01-25 14:41:40','2023-02-25 12:23:50'),(6,1,1,111,'Ky text eshte ne gjuhen shqipe',0,'2023-01-25 14:41:40','2023-02-25 12:23:55'),(10,1,3,111,'Dieser Text ist in englischer Sprache',0,'2023-02-25 11:17:52','2023-02-25 12:24:00'),(12,1,1,565,'11111',0,'2023-02-25 13:33:39','2023-03-18 22:13:26'),(13,1,1,555,'aaaaaaaaa',0,'2023-02-25 13:35:38','2023-02-25 12:40:30');
/*!40000 ALTER TABLE `translations` ENABLE KEYS */;
UNLOCK TABLES;

--
-- Table structure for table `users`
--

DROP TABLE IF EXISTS `users`;
/*!40101 SET @saved_cs_client     = @@character_set_client */;
/*!40101 SET character_set_client = utf8 */;
CREATE TABLE `users` (
  `userID` int(11) NOT NULL AUTO_INCREMENT,
  `userName` varchar(255) NOT NULL,
  `userEmail` varchar(255) NOT NULL,
  `userPassword` varchar(255) NOT NULL,
  `userPicture` longtext DEFAULT NULL,
  `userRole` varchar(255) NOT NULL DEFAULT 'default',
  `userStatus` tinyint(1) NOT NULL DEFAULT 1,
  `userDateCreated` datetime NOT NULL DEFAULT current_timestamp(),
  `userDateUpdated` timestamp NOT NULL DEFAULT current_timestamp() ON UPDATE current_timestamp(),
  PRIMARY KEY (`userID`)
) ENGINE=InnoDB AUTO_INCREMENT=68 DEFAULT CHARSET=utf8 COLLATE=utf8_unicode_ci;
/*!40101 SET character_set_client = @saved_cs_client */;

--
-- Dumping data for table `users`
--

LOCK TABLES `users` WRITE;
/*!40000 ALTER TABLE `users` DISABLE KEYS */;
INSERT INTO `users` VALUES (1,'admin','admin@company.com','$2y$10$FlriGmoMyGPm1E6qpvwjFePyESQeRhVH9yyWDELsVPiTp4e9JiWr.','data:image/png;base64,iVBORw0KGgoAAAANSUhEUgAAAJYAAACWCAYAAAA8AXHiAAAAAXNSR0IArs4c6QAAAARnQU1BAACxjwv8YQUAAAAJcEhZcwAADsQAAA7EAZUrDhsAAIjsSURBVHhe5f0JuGXZVd8JrjtP7943xxwZmalMZSolNCCBkADbMiBjCn8YN6jsr131dWGMXV9VuRu33f1RdLeQKQF2fdVDubHLuI2LcmG7UgZXQzM0XSVkSziRlEJDDpJyijniRbz5vTuP/f+tdc69972IyNSQklLUem/fc84+e1z7v9dae5999snY/0JoMpnkdMjduHEjXzw4yI3L5VopOzo7mWTu183zE8ucyWTt1MTsxCSTWbVMZknh62JQdTyelDMZy5tlxjr2Faaby2abOu7bJLubscmm4tzKTCYbk1z2msJcsUzhonW7O43zxX4m0x3Zp7ZH9va3DzOZjKL98ac/tsASkIr7V68ujAeDhUEms5zLTh4SCB7NTMYPTTKTBzOZ7P1q5JMKWvLwsMK5kRGm5tiS+MX/zJ8w88HmiXtjm+xNMnZVoS5mLfOiWfYF3XhqYv1bPRserk8qh3biROuPK9DuwZpvTrr19NMLk3rhRH48OmGj/Bsy2cy3jM1en7Xs6ybZ7H3jrFWzakdJFoXOqZ3V5AEpIcuRM3Xe2oS1rE7k5AGQ8HdA6d4UEYDMIyb3dE5y6f2449e3hHiA9oJ8v5jNZZ4UyG9kBpnbv/1v/s3m+973vlES9Jue0jp/09L45s3admfvXNby908m47cLK29VA75OLfuAwLQo8GQBEBAZq7Y5yZKcrsYCSyab069Cj0c2mkjGKL1cLgDnYHICekFKyQEzFjCVaII37sLGOXkW6LoneVyzoaJem2QzFxXzBfl8NJvLvtDsjS6tr6/fkiRTn/jmpZfnwGuUpOYyty89czLXL7wpW7RvG0/s29XgD2cz2fOqUl2NkugXVQ+ppIZM5JJ+BSmdTjICkEBko6H12/vW77VsNB5bubIgV7dcvqw4WVSa8hs5oAAWrY3AI00BQemlsNOZS0LuCXFkN72OvOdp5udHJTu5Kc8rmfHkmck487FCbvy54tL60wo38GDfZHRnjV/D9PTTTxdPVnMPCBLfrjb702qIb5U7I/AsCS15natC8w2mq6QBAQRqDajgJ2mmaDoOerZ367Id3r4iYE2ssXLSFpZPWHFBSRYrkYwkGmlzPhbCkHRAJvFy8jQdSGmeM8D55Ty5x8zzyO3JpCtY3hKcAdrv6t4T3UnuE0tLS/tKN030NU/Hq/yapOeee660Nh4/IugITPZ9o0zmW+S9Ji1XkVMtjqqtqFQ0sN8XIY24yaVGdJJAuiePYa9pW5eetc2XnvK4i+tnrLp8Um7NygvLViiWLaf0B0PUpULkhF+5XDbvUgzyfJK8/VrOz1NE6cD9KU0DBEX8O2kynmjEmdlSp/mw8vqfRoftj9TPnNn+ZgDY3erzmiGmCLYvPf36zCT7g2rRH1BLfoukTF12SVFO0ofih5s1bnodbYf/WKACWNhR0l6W14+Ek8TP0Dr723bjuT+y7SufFeiyVllYsQVJrbqkVqFUt1K1YcXqgvWHyLys9UdjP683lqxWX8Ao8/ygqSr0n/BLycuXlHGcGP7ZBB7hHyQtfzSuwihdRo/7On44n8v9ZqFW+x1dN+WSFF57dLT2ryHaeemZCwLSD0rk/IhK+a0CQlVQyiOBABUlj+ZAIukMFtNACeBotBENmMvYoD+0bqtl/UHLhrKpxpJA5WrNBu092778eUmsZ6y7d1MAVKRCxRYFrHJ10Rr1JStVGlaoNazSWBDwctZqdm3/sCN1edJOnLvP8uWiAxLncKEcAgcYm8j+TiEDeNIjjgFA+Mzupao03Mw/Jd3vya8lSfYbuXz+X5W+8IXfy7zjHa9JG+xoyV8DtP/ss6uD/Pg9mezkP5DO+W5xtyEw5TCkdS4XcsqbQNc0NtUYDDTIEjDyhZxUF40gb93LSDo1D3Zt8+qLtrt51ZoC2fKJc7a+tm4bl75gl5590orjloAo8PVGAl1ZkmjFbamlxUVbO3FStlZREkzgqlSsI2AdtPqWKTds5dRZAW7RyrWaIC/VSJaATGdo3ruxlzLjptLtGHgizlG/NMxcvL6OO4LmP5et+Ku1Wu2zuveamqq4s+bfIBKjsjsvfuGNlhn9mHj3Q+LiBQFKggcpxBSAiipQOVujTZwAFqqu0+k6sErlkrRT1obyU5I2Hgzs9vUXBKB/Z1vXXrDlU6+zR97yTtvfvmUvPPWktfc2rViQBBn0rVhqCFQy3htr1ul1rdU9tHPnTtnySkN5j6yQL1ipUJJazVt7kLG81GRj/bQtnz5juVLFBlK1FDPHTAFzG8r/bjQPpvnzAA3XgM+9ROl5HAmTYFI0GaprfVpY/pVCdeGfKq12cuMbTrNafQPp4Lnn1juT/r+Xy2d+XDbGuwUo8QtA0UNhaBQTgAGi4XAImy0vKYGE6HYlRQ4OnOmVcs1KtbJPJfTaXUmqS3bluU/alS9+3ExgefRt321lqbHPfvJj1ty6bCsCDc9pmruHVq2sWLV6wpbXzkgdNuzazStSn02778xJy4wHasaBrayu2glJqmyuYs2uJGRN1xcetOrKug2UzmA0UskmhhxNATAtf3KknJyn1ylRN2jefz5uAC8oDSL1jSdo+9VJfvJLlcryEwr7DZdeR2v2dabHH3889z3f+qY3qBQ/ocsfVnHOIZV8oglGyjGZCBMBEixstdsCUs/K5bKVSiX5ja3ZbNre3q7fbywuS+Ises12blyxFz77hF174Unb27rqwDl54WHb2N60yy89a5X8yE6dOmE52VWjvkCSqyqdroqSt4cffcSKC0W7fv2yjdsdgbKt+2Nbkko8f+EBSTKZgJOyDXM1qyyuWOPkGautnLBJsaoRJKoQgB0FSnq8F7CgOew4zcc9CqxZWikJXU/JrPwnpYXGP9ZlR2GOpfb1oztr9nUgMSPXuvTMem+U+9OC0U9I7HynWJ1nQESJYoLRT2SUY0cFuHqSOLdu35YUkZ20siLVlHe/Tqdt+/t72My2KptocXHd+s2WXfvik/bi5z5it68+a53uwCr1M8olZzc2LgmMe7ZQrdtSfVkqNCvbrCBpVbeDfaV10LJT587ao29+o+6N7fLzz0vyXbTsqGO1Rskay4t27sw5O336go8iM4qbr9StunpGALtgxUUBDEtrFHb1fOND82CB0vsBnrsDDor7s7AQ1/P+on42l/0Xg7H9N5WDg6eyp0+3Ev+vK929Bl9DuvLv/l2lslJ/Uy6X+xFJpL+QzWQfcpUn5vhDFRgmYGWZGfe/YOJYkmlvd8tuXL9i2ULRTp45a+PhyNqHGun1+rYvoFgxZydPnxVAlm37xlV76bMfthvPPeF2lGWrNszUbGd/yw4Ot31UtlBbsbWlU9bvyXAfdCTRKm6zDUdjK1ZqAtc5OylJxCTqrWsvCqBXpYY7AuFQoKzYaYFrZV022cKiwsvGypWstHzKTpx/k62deVB2V9HGUo2Unarx4+3vdXRtH/46B8AuoaPGcnfScTCl5z4i1fGY/8cnmcl/N+kOfrOysnJN/lPkfT0IU+DrRjsvvriYLxe+T433n8qO+vMC1blU7bnz80RaicWoQcaDo9FQoNq1jRuXJFE2raRGrNYb1pZabMu2GvaRWh1FzQssS7KFhnb14rP20uc/afu3r0lyjKU6F3yk11S4oUuFgnLICyRln77oy3j37JUzbQDA+n0kTs7K1bLVpRYp095O09rNQxnwA+XfssP9fet3NUqU6ut2dlSebeupTGNJVSZXC+WKpKRGjEpPDa00pCK9qkAoVYkCAj9krp9Q/34xpbgMv/l7L3N+Ttm9WaPVk91B++YHP/gLtz7wgQ983cA1K8nXkCbvf3926y/+xVOWn/xwLpP7j8TQNwpYZb+nEugcTjhzxeopgxgTMom5t7NtN69fsxs3LttA0uPEqQu2KgO7jQrcu6UwfUPrlMpLti5VOOwf2FNPfkz21SdkH+1bsTgSOKqWKzZsryWDfnfPVeyC/MAxc1sAqVwqy37r2ECAKkliLdQXbZHHO4WcVYp9K6hcF5+7YteuXbZCRWAtZa0ImCuLtrTYsHwpY7XFBZXhjFUa6xox3mfrFx6x2vp52WvL6iSSwkgwHhF5/XjAJPLmps7R7iGnjxKSLthy570Z3fVeUwx6QlLz/1qu7X4kk3kAI/JrTl9ziTWZ/H5+8753vi6XmfyYGPYfq+5vEEcLASQFkHMgAa6EMVwDNlYaIBWuvPiC3bx6OUZ+ulcul9RAYxtIBR4e7EqC7FpeA6GypFvrcMOuXfycbVz8vLV2dtT7C5IcBSXKVERVI8CCbWsE2OuPrVIRsBSv09confIo795g4FMVlIXrerXmtlxLeYxGPRnm5vGbAuDQBgof81+9vpwGFYcHh5JrIysVJtZtbtrB1nXr7G3ZsN203FjdZhJTJu5AtQBNfWe1h+bO4AVlm1Nzdyfu3fU+ovYBDZPfOu7Xmv/7v/23L/3dv/t3v+bgermSftXEQ+OzBXtsnJv8eGaS+1GB5wQNiHO7KgnnNoKzVpQwLytJkFOD3t64bs88+YTdvnbFBmqYxZMnbP3kqkzUgYxps+bhge3u3raKGnJxoWTt7r5du/yi3bp+07qtocBTt0a9IhumawXmmjIlu3prR3ZWyxq1qu7nrNU5kCTEDspYUaNNBg8j2W8A6uzpU7akUWZXwBgN2ypnzq5c27QrkqC5wliglaQr1qxelqtplNhrScKZvf71D9npU6dc1PBwuyBVXFk6qZHjSSs1ViXxGlZlNLl6UnnWJHHDFkMNIp1SSsEEsF6+ue59b5rGeHxZav8fFMvV/1Y8l+E5bYJXnZLWfPXpued+u3SqYm8dZsY/qV76lzWyOwGYvJKJQyrhZrPqKXMS4EnKDEdSc8O+1FvbWq19SZeB7JWipERL9sxNy0jtmVTiwe1N2VM3LC+JU8lIpTVHtr3XtINOS501I1WmRu9LwsnIP5T0abUPpEpbbkcNJG36kjZdjTC7CoMU6itPlsswj9XvHdhIEk6XkpYZW1mtu/QbjGScW80ksKwju66rvHvDgW3t3LbrN65Jug3dHmR+6kADiNuXnrWNz/+hbT7zEdt46vftpT/6sF35/B9J4u5LTUsK58tKLzHf4Y/cvFEeTvfv6tL7dzrIgZnJXBCz/9ag0/kbrVbrtPxShr/q9DVRhRNJKsvW3qZe8ZMyUn9Ylas7iMQAIUZHZeuWMqA6ygSkF/0Im4dpho5AsHPrsrWkTloHLWkODfdXlmVWHVh3izmmHetJ4rCeqiAAVSWVmPHe3tu3jW0Z0gLmYqNqNRngqLlDGe97B03bb7W8uzLNMJTd05eRNpRkGY0mls/LsM/lNQLEHpItVSjZUBIFII5p+nxRAJpoINDzOvT6PcUdKK6kqNQxjTgc9iS5ClaWrVYQYAqKM5Yt15NqH6isNuhae3fTtpmEbR06AEsakOSUVyZX8IEGI8Wc1CqrXnm+KQbp/7iQmQOOKAUSlAJyhh/FN6vJ/606lvrD4dM/93M/d5jcfFXpVQfWk08+WajWit8ikfu3Vak/L8mjYZHAhGRKJBTSCL+UKSk5qEQwJIClkeTmTbt+6Tlr7+/IPpnIEC9LfRVt1Nqz5q0rklqb1ulKqmhUp4FBrABVrfoC1O3dHdve2fVsFhaqcF1h+y5derLRMKFRd9zvSVIBMIR4WdKITnBweOiPigq5ojdou92R2uypHnmXTLv7AjcSTucAs6uBBUAsaKTJI52hgFygPJ7q2KpVgUeqtiP/ptIadQWwntLc3bbDPdmDstmKeR5JqV8KXDyaymLvqd4TXQdm3NxPKPiV0jyooNk1x9Q52EqTyfhtmfGk+LM/9VN/9IGf//lX/VHQqwqs92v09953fetDGlL/lBrmR2QvFKkcLgx1pJVOEuf+YhqPZKJBZJyIvKch1AoZ2xfTr12+pAZu6j6PdNSIUh19Dev7Uo29vtQXKqgriSOVhvoieZjYbHft9s6eA6JeX9Aor+5hD5Uf66uQSADIyyA1KKxNpZia0g4lSQYCDitFcwXWEQqYGjAMh2NXl3uHTU+PR0LYUSOWOPvymoyDCymH3TTSqHWgcuYFsmJRoNHfUPEHUr9MO7BceiDV3Nm9aXuyKTsCdE4SsyT7MIOkQ4Lrz2fyjwgsZ6pcwlcRdYHS66D58+l9IdXeMVaj/J0PfvAPPvCBD2hY8urRqwqsf/3Lv3heveCnNXL7yzmJHCqXOv24YcqRkV3YBfS4ifV6PUkc9W4xHWk24nmbGjOvXtoXYG7evC37Sp1KDdc+kOo73DFZ5jaWHdSVGuqqsUfDjOVlewEIVNaABhfD2z1JBwEJScaUAGoGaQFAPJ4P/QGGftWY/uhNxeTYEahohkKhqIGEpKGkG7P+XQFmIJVJGgMkn8CDxCMqAEDI8LbYCHWm+D0kqoBF5xlpkDBRnnmpbTobUx2CpEINdNG2/uG27cpW3NzctKzsrsbquqvlsUakDhrnGUBJjzh+03M66+w83DxRoiC1C4r7O0YyMn/2gz/30VdznutVA9btZ589bZnx3xQw/opAVZgHVKh4XYsXqEL8nHTMMXGohpEx6Y2c15BKbSYQskpTQJG9tLOzL6fhfl9DfNlTwxY2VcfBg+ShsXuyoHWq9PPu35a0YjUUIO6qUZFs1apsrYUFqa6hVFpHwBL4lFdOUoHGQxX78hv8sLFIV2GRWNxjAn3g0kpSk7wVua9M/fmlJF7auKyCyMkWpJVQZ12VFakMGFqSUm2NMIdS3YCRNT7FitS06KDVlA12aBmBqCmpfNA89AnWxaVl2X2ytkjQmRh8Ja+g5JyCO4Vt5WfyS8+D0jBBuqX+nvn2Ya97+LM/9/OffLXABey/KlLBM4cvvngyW5j8mAr4l1VSf08vJeeBpJC7pLcF4FRhZIpOeZgMoLBXupJe9GzsnfFkaPly1iqLFZNskYQYqKdLEigeRvhhU5KuhwTISDJ17frWpm3sagQ3wSZSL1fj18rq9TLeR5O+7C3ZMjKeeV6YlSNz7L4R3BW4eMECoAAcHi8BOiTlzv6+7el4IEnH6lGkW78vzSGkoXqHyTNBpBzTFnQG0u5qxLnfRDrKXuuMbWPnwG5s7di1G1t269ae7e42rXkoKSW7jwfXg4FUf0uqmoFFV/evPm+f/9QTdvGF59VxUFphKnhPnUql4CkEX3GprQo5r+9CadiIm6mqbf525+DgP1B7Jpl8dfRVAQtQ3Xz+02vtYet9aoYfU2onKCdLkaYuCh6VcBdxU1VIj0LNLC4u+loqenar2XSbajiSCstnbe3Eup0+e1ojrJKrSVelAhgSg4fLfdlWahdrq7E3tnY1GtwTkFQ15UUa5WLeR2gHzZZLPuwmjOqcpMUAddpty24aqCzAiRHdUOBWuaQ2SQSV2ZRUwmYDeKx9x6ZyQowhKfiXH40aj4M0SBDYDxXnsMP52A5U1m3ZZRt7hwJY07Z2WtY6VPkZUAi4XYFQWLSuMCtZbhN1ss1rV23z1m2NOpHusvMokfKK8bRKS/50Umdv8HkGGigp5ytRJnMum8v9rfbh4Z9TmzCp+lXRVwWs2888U5Nd8725bOavSp4+iHk5rdQxBxvw9zCKi+M8dcVS0UdNAI3Z9o7UBUuKM2PZRgtLdt/ps7KR6rKl1Oh91q5LIqn0PQGto+vRCFWhHq+417e2bavZtqzSzAuYBfX0crHhamxX0qele/Cbyo+GPdlAAEtqSYVC5VAGVGJOKq1YrEj4SKpJTGHPdaRSB7KLqBFPnJC4XheFQX1iJyJMCANM+zq2NFpU6taVLttvA66W3T7UiFIBSwsNdagFB3Fethx2KGq8JXTxlMAnapVJQZ2DnDIj8cvzpMuOVAeO0SECQgIafg42+Tjwwy9cEHXEzYNQhzcp7b91eLj7Lt0Lz6+QvmJgXbx4sZwrZt+dHdt/ls3kviWVQO4cKrMCQ3FOc/jB7ycnXl1sLR6x8LgGNbi7px69uWOtvW2NljZs2Ny2qnhb5/me0qfhUT1IRcLT8LC23e3Y9p6k1u1tSSgGBHWN6MoOXBquJ3XaUsN1e8RHuqjx1ODpzDvlZyTH3BQj0FK54MuOsalcVctx7m/sqBUYFBRzRSvJ0K6UKgF4KpnwAsmHJOOajsJjH5+AVX6u2hS+L9U/RsXLTWT0Z8YFhZOZIJ7QMdrtfWtq0MKDb41QVGdBSmVnYtmnb8APTtnSgZ2p/Cpc2LR+eVdKAUbMONq7ZN3+VL/ZfCMXXyl9RcBirmpp2HlM5f6rGli8g2Ro7KgBDKVXBWNxcT8FVYTxo/5RaxD3sJ8a6sGLjUU1xshu37xiX/zsH8rO+Ijduvy09ZqbkiyySUZqYBm/zGzTcCxz4dz5ovRo/J2DQ9vY3BfQULUh2WkoHsmgOrGRxgKUqxw1Uo8RotJxI10JIcG6vbbSH0qNMpDgmZ4SIRPlSX2YA6uVq1avLehYsZKAm6ehlUvYOXICK52fgQB+jHSpZ0FAbMlmu0kHYG6sIGM/X7Gtg66k2tAKlbpUf9WWG3Xr7e/YC5/5pO3eui6+xptGVBVg+QsgXhqKBji8eO7nF69AMeGKXRgSLSSdvUdd9W+0t7fPe6CvgKj9l02vX1hYHEzGf0nl/j6ByI09r4NLTxzACcYGuBJQ+b05J3+XZPrHYEdS0PPXlpetXsq68fr85/7Qrr34lG3dvGg7Wzfs4HBXaqLtRjh2D4Y24HT2qBABHmwvjPumentPAy+G6wE+GsLtNEBFeXVkioClNbopmNFFBD/KpvQmCqvxolVVrgWpxSrST1KmqHxKUpUVDTxq5aKVdV1UHNSWqyqdI81YPk2De546ZqQ/Ube8gsYELOAaTfJWX1y3U2cftKwA1VG4vCQzNmVNEnOpKFW8u207V563g1uXbdzTaNHfBlCtk7on0ibO5QAXIYI43tvNBEB6nSlKMPyFbCGrNvZG/bLpywYWG290c8MfFuP/Q/FyMUE4hQnnhTtKXlkPFNccKS4ASInbvEjKDPq2bKSd69esffuGDQ72bCK1xOMNDOeODOGmDN19DcV3DySRNDp0FiJplDCqragRZoHGkOpoagg/kNrLCwyACfAECwUexeFl1IKORTW2bPnEH3DI7pOkK8kBrJKkTF0SBLdQKtuCJFRFAwJpJisLPAtS4VXlW/Q0qQtlUWrqLPJyQA1kz/kIElXbbXkepWJZx6IVCguyyzQy7jH67drewa6kqOqmOgCu5YbUbGfPDq+/KHBdk/7vKA91BvHfX4cjk/nmdH4jPaO2L+cCk3ecr6rN/kbv4ODf+0rANVeSV6aJVKDlJ29Rd/gPlfEJL7QqQK7OPJ2nvRXiDmUKUHkodyn8YCxSCisY4xQzdGt7xy49/6zdvPgFjZL21LioDyQOhjb2VDx+6aint6VCWp2uT0OQG5KE0R4PnCtqfH/WKOCxuM+YF5MaQqKhpn0EJxCVSwWrSjJUBYyi8snrHjZTQYK4LFAtSNU1KjVbrC7YSq1uyzpf1nEdlQ3QmM6oVKzBHJnyrEmCAbxKIeeABbwlGfQY9Ugwh793RpVXfjyXhAU3r2/YtatXla/YIel5sLvn0nWhVlPNRqp/V7aXGCCw9fa2rCvJ7R0Zm44/VBpMTZ0IqYU9phbQ1d0dki5cqg7nzzNnx5nxf9LrHTykiy+LkiJ8aeTv/OUmzKD9hOyF6SSo/uPInxjp+HbPAB7A4j6UHgGVV1jdO6uG7Wto/fQzX7QvPv20DTYvWuv2JQ3FJa0mgAabaODg4llPV/bK7v6e3KGkwEjgQ4LUSNVaTKKqYQAjC+uoITYS82QY5Mzyw1IW26F+eZsHaZaXpENt0cr4l3mAjATCHtJ5SfeK2Eeqk7+7qKppLCopynTBQGnzXiPFw7ieWE/Sye1AlYX8hgIFzw5R1EWpVfKEE2sr6/6OY7vble048qU3vD6GfXX+3Hk7c+ZMAEfSluXSRXXAhfqCVdfO2uL5N1iusqwyMHuPfURXT/isTFP1mEkAcy8KYM0ehQUR3s97SuvvFRca71f6907kGKWpvCJdf/LJar5Wfl8mm/kv1QvX8HMwURrEvpLyxBxYib8DS0VMrt0vjUdQ3c+p17YGHXvm6afsqc8+Ze3dLevcesm2rr8kNXbg6gBpqJDeO6sVMbVWcXtp/4ClL126paSVpIIan0alKRmdsW5+zFoXrqXq4tGLAAqfRRjrlKUgwxmjGvXFoxZWjKLWqjLGSwWpSqnVPJJOpUYiYyO5CnKRoPrqQDY0ELkxuGBaojcQkBkJqiMAdta/I7GyklIZOeR3FZWq+vAssoC0Wyjb4mLDlhaXVM8FQoeUpT5F1WfU0QBnweqrJ2353KPWOP2wjfI1V7E+BZE0PVMhqpyX6ZWABQGs45QCU1E31O4/Vl5Y/J3weGWKln4FUgaZm88+e18hN/kHKuyflbTyeFOwJMAKtCTAwie5RwXT8LMjcXM+PfD8Sy/axq2btlqvWVsG+qf+7e/ZSy8+a/u+ukC2hKRATaoGqeJv7Sg+D6TdCFYagMKB7VmJmUIObR55SCgqPkVmbgnJpzZ2kDIiRMLmpfpQWXTIooBUlXosq6GrklQVlh/nMcSZR6I6Ole+46wk3hB7DTtLQFO5kJ49SSkGDu2+Rq+SUn3ZTExv9Afxwivq0HuKOtVQnSMrVc8kcG2hZo2lhoBVt9X1NatrZMwkbKvVs6rUMB2qoEHCluzOnKT4ydPrVueN7ofebtX1B6yrvJHu8AceALCU3yHqv3Jg6Qh9qNrs/EeZs2e/pJUQSc4vTxjs6pj/WS4z+aAaQv/0tSi4N6QaLT2HYXFEBXKeXCfhZ0f1LzFue2fHNve37cSZU1Yc9ez/+y9/xT72P/+2RkySRlIPgLSonlyRZMuKaRM1UF5cW6iUpTZq6vFlgUC2isDjqYsZSKzRMCQKoMoLLGwKgirkuSKrDpAEeUkqHjAjESgTaZSkaqrM1KuKGhoJWBrxyfkzTWKhOgVqFg+SISBlxMcKUFZLDCcCk+pBh/FlzgPlq8EDkounAzxKKgFkgYwH0Eg30qmoPmVJLl5BW1s/KZVXdqAyqVsRsBr1RavWV+zGtWu2s3HJzpyq2+LJVVu674127rHvsmxt0TsOPUogSDralyaxCJMCK20j/OZJ5oHES+avLTSWeWfxFSlSeRlSBrnN5599s/L5R+pr30Z2ZD4PrhmwoifqhA7s1+5UzTQsOSqkHyk7qipfLSFW7DMf+7D9xn//S/biF2RnyaYAePRSpMVYtgzWe1nnGM1LUgc4RmMlNVYBYKlMPn+mow8axE/AkD7Pi4fWamwAoLRZxsISGcqI6mQ0WZK0Ij0JKTnUYqyZB1hMRSBdkFhZBfDRGPmoHqhV3iZiI5CJ9NBQUoLHTV05VqgOeOgsACohGfUFr5ug5naVq26VBVUOJHK6X6/XLa8OxfwaL4LkNZCoVJeU5tA2Lr8oCdaxEydrVpO0evBt32drD73NhqoDbygFmJzlcS4FrZLegyj/DFhQCq6UUpCpA30sW8z8r6vVlSvu8TJ07/wSuvL00yu53OT/JKb+ZF6MdGDpSANCAawAkH5mqk/O/1JguVf4xT/3dFTPz8t4582Z3/lXv2r/9jf/pTX3d2C1N9oAo1dgYM3SgiTHqlTEal02SFWqQ728hoFNQysLViHoh0SVOtYMWoBZeVYxiHFiEEY7/gCBEWkUWY0tCYL0cvUKUJUOarYgaQeICIPhnqpV/GJPCVSqEvHGUcqqD8BCQqqNBYyB1LnUIvNtAL/ELH7f9vcPfFkOzgcgGklWNQBheU2305LdVRWQqoKEOpfAjX1YKtWVX8l2Nm9Lcm/ZaQGLN4HWzr3NHnz3D1h59ZQkJ9MZASxvGz9XQbzWd6Nox7upwnkK8JFG5v2V+uLPK21GVfcktcK9iemFdt6+W8O/nxSYVgIJKkqURZf0hpASeCKlABYSA0ehmWSkIRxUSXyIUw+vnsrx2ktftD/48O/YtYsviJE0VtafzbW7LZ2PNZyv2ImlFVtvLNuKJNWy1MaipFlVDVXECWAFSTMkCx1AyQoIGh0ylaFzpiF8Xkrqr6SGKko6MNJj5FeRlHKHTaW8Syo7E55+jlTTeRGJwjkSR8BjtMj0hj+LVDqs1cIAZ2TJiBRpyCQry4pdxaqsjOg4d0tf0kpRfUYeO1IM0z2WJGMAxsNxnj5UpOp5G2nIIyiBZqRRLcADaAXdw6jPq+MUpAp5E5uVp9hU8Jpnpxqjin8AgvaA4ced5CV5JpSCcZ6mbSfSnTMqz8d/7hd+4bp73IPI7a6kxDO3isUV5fEXle3rIi/vm/5LPnGMDN1fYVJHCQCVF8pDHKVQUbqvRqQ3X7180W5cvSyGIsozGqqLgf2O0shIKlVtRTbGWqNuyxo1NapFn+0GDICEhnWJIwcAimo8ZsGZrOQcAKHesJkkgOQyssvCSGdZDQ6AlTTqKgmFOCQVGFBQV4lIK9Stg8vBy7wY0w6cCxRCiUs65YX6LEr6+ZF0JWlRsdhqlaLykj+PgqqVmoATD7kZcMAo5rVIh3cbmavzkad45deSfGMMdDGYax5NEYZX4DZvXLJec887cTAY3t+zee9J86BKzzkyBePtZfaI2MHymlhEdg+6Z87PPPNMYZS3d2fy2fdiS7h0cYjMR+Ha4eVgYsQk+RV+ACs5pkWdLzSefqUk2hr9Xbt02bY3t7wH+1LjsWwh9WyYXpMhu+ITlBVbquSlEgGGGoGGx5Fv0vgOHp0DHoBVQtpwFAhKUlMlSS9cWZHLAlBZjQjoSkgnOaRRQfdYUqOoSfrhorapwxqa5e32F0dF8GeCgD0FmAYezIGVBSpe4wdMPFdkPsulncLTgRgEMM/Gg2oGA71u3+fISB1mIc3okDmpYey5jkaM3GeR5O6ta9Y92ImyUeikjF5alSsl2uBIO8zR8XtTKZX4p/fk+0PN5t53+MU9KEpwF6rVBlXV5C8okdMOkMQf8vQdaamb+/XCRJW49GC6mC+wk8KxapOeunnzhl156SXrNpvuj0Hb5/GLzpE2S2qMFdkcS/7sTOpL0oRRGwY2gzOxXUPwsdzIz/GfuiQcjrd4QoIBJox0SReApIZwp3vT0aUKTVVS4OAXkpgRgVfIawkD/Z4cc0c+AqN3yyE9kFhIKgDkkk0OUCFdXfK52mRzk77t7e37zjlD1b1UWdDAoiJpLltwrPwVFrUHobqYMJ2MMjbsT1xq9fa34sVY2WvwlfJThmg71YnKzNEd7XEXmmqj43HNzonP/77SiALdhe4KLN5eLh1O3i2+/FnYnDIvUMuRUPikGSLRYv4Kbe3hdEykuG7rJwk6XyF6NhJq4+ZNuyVwsVyXRmR2iNef1Aw+rbDSqNlSrSw1gh0VQKBGSAn/U/o89ffc3UhP7Qo55TcFxtQFWJAUPCt0p3OkY9yLYyKmpxGTFI/8JrdmTp5uAlAWeTA1AbjcBhSIuRfgAlgBMlQiafEW9eFhy0fECqUUmOdjuY7qJLD4hK/AgmRjGmI0FM9HWdlgkvCHu3awvSH12BM/onNQBtKN0t6d5prDAXRcSqXnifeUpKJ/+PBw955S667AuvGpOpvH/qCYv5p4OQVcyCSKHX5u/vnoJQS1jkmh3BEmooXzQ3IiGsqmOjw88J7q8z4ardGweY22SlIfdUmrpXrVFmRXMXnpUwTqvdg3MTpNgE/laUyBynu0GiC1C4JBglqSbTq4SBkZzw8DphRtCi7dI05aD0eNiM6Dgzxt7icOciC780sdVW5XjYw6NTDRDVZx4NwudOmV9wlRgMSDdiZVOx0eonflwrhnxp51aIxEeR9gOGTVBHN2I99jlVfIxhpVUgmKQj7RJpSWsqXuS6G07qmbtXlC67mx/fnk/A66A1hiTnZUyr5Rzfv9jF1mINE9OAXDJmK6MoqmDECxlaKPLhLnd5PwuhsNTyLk4fGUdlLxEXNLGtngz2w87YdaoVfzcHdRjllw7CdUHRX0snjplZIAxLMUJpiRkmkDe/6itNHDO2104ocDoGlZ1X4UloAJyU8RXcWl6QBYB67OFQKeE93P9eONIEcyhIdXzJMxcmSxIZOjQrM/v6yp41RlgzG9Adc64gXr63kDiNmntuyszd1d2+/ITJAqh2e8tFtWPKZQWj6VwSraoYz3tpkkFnsPjKkby7NVbtolRn5ewsTp1+vDERAdddQ7dS4Bk45GXP9oRjTSD3W7B4/K8w66A1iy2vPK7HtV6AsMaYN1wTgS5grf1Pld7s2FiZEJjrsUxG/onEv54URkznonNk/jAS3+zEYPk0k+enJ9oebMR224dCIdB5KaQQ3rYJULwzaYR9zjEgvGMrOFS0Hu8QOJHo+k2eHGt9LlqALiAF+UeEakSRyP5z4EoxGoaqSVksf1tBltyubSKNQnWRll6hyA5TVwwI+R344kz36npQGMVJ6i7jVbdv3mbdvc2XMpRedjWiHmykY6ZtxGO9QgCONfOZGj8ow6HCUKNle4L4Hm6wrRoSD5Pzjo9f+MXxyjO7LdGA5ZtfA9YpLw4VwS8Okp3I3GGwuxqo6fq2XCX3mFoxEJe3eiGQKOcTYQqA72d8XQpgrM4xZJLiXJa+2NWs1XUJY1BGQ9E0NvFuxJ/rvzTc0cPHJiIh2NIrvtJEeRU+cjNo7KOgXY1Ck+sjNmqOPc64XdJg6F6ozEsQtx0VnwUoI4zycAxT2/734J2JK/GDEy/aCRoTqMvwjLYKIkKSSQZaTuD9oHtilwbWMiDPs2VCF2mh3b3N73lzK6MuiFJzfSo2w5V6NNqUOA5cVJ8r+TjvsTONrwTpdS8BgKkAWpjsJI9vuTyyN0BFiTxx/P9XL2HjUSX4BIQBIOSvjnRCMGQFJ/fpLruUp53LQw8nYm64dnbsTf3d2R4X5dAOs4Y3lmhqHL+vHFhYakVdVHcgBAKJJL0gNM6tGAkSP+0cYAaOaQSD5a8wJ4AK80LiSLwCMXE4kJSJVPCjC/rwQAmNpvzgEST3RWP1Fa82MN4EcHv/trtCgg8Z5jpVq2Gq/eV0ItsgU4y5Y7Asi+JBXrzQaeFO8kDmxr78Bf8x9Qd3ylXumiSBHePsKwn5LizYqR1vrLpXmAJRQN7qT6vPfwcPM9yeWUjuT0zGOPqWOP/wScIKo7lcxngz2tKFza10OHyyX6925OPxH1CKHSFE/JtjQSOtjfk/ThncFMDMPVo5lcjAfMBZ9ScGApQhwlsFQuV9UONjW+zsMOQo3yFk0CitQRl6KSFuACVHDdOR9HlifjQo3SXHN1UWSfEE0ck5j+/BCna5fuUJKcnya849LTSNOTDxKUui5UNeJdpANVrF4WsNSZ1lbX1cEWvI4MaPxlV9IXz1jUOKSuYoq/LYQ2UXrkFS7ynhbCKSnbEcJPDHlZF6BKeeBpz4EKknc2O87+6eRySsSe0plKpSKm/ilSgJHpXVjh/0maUyM+dfo7mp3fprpeWScO6an70XChosI2oYSSTJJOviKBBpOfTj0tf8YnhgKmkYzWdBwKofQoKiotq7QBH12D9VUM8ZmbArQ+6Ym9pARDdSo+TnF8XigBKUR59KujysOEKTaRT5xGGUknlh/rXGECtITnCHDjHqmQ/qzhKZ/CucgPhjDHVa/UfGqlUkRSL8nVPV1V00ePcJiVGXCt2W5ZWxJ+OO5bf9iTlBp6eRhxUkd4O+X7XSnq9koU9QkXHpHm9DohdZ7v5XtHyaVTAh3qOMnuHu59ryrzbd5QSoPKuw4ncRUU24pCk36wLFDsowj/Mq6aVOf4ue0jMFAG4nuQpEAw3R9V6MheoouNVauUG2Jwxe/TU5A6E6k5+iONT94OBIGHMkA+UnG9RBl1LeaGeEvKLOdTCUwY6ujTE3n8KIcc0nasey55UadK27Oj/gKO4pOcSxeBiTm0dEYeieG8CRjj4df6CaApB9LgaUBaFv6g6BDiDTwVKAZj2UVFAa6QsQVftqNRomxMls4wmCFaNl/Wj7gx4fW1tqtDLEIVSDYYK1l7/oB7ovgpn3nvMvKdUVoWEgV8SVCdp3wNR+dIO0Lq/BZ3OU+Ic6XxHWdWl7438XKi/k6f+tSnJNUnf9JLIecRcHHbWaHk9ceZnO65PTLNL4k4JcImcQgEeZCj4VgLXpP4Zx8pGsVHOTBTbKNRGQ3SsMSLYTCFBhyoIeZzQh3FmioaFbVEYyJFdMTRk6VSmQfy2WvdI71gMFWZ1YXGw9/jEoa8PF3SIw/SDxCF4zyAG05p4zwOqUcaKXle/NE7dR55hTT1h9vYl+IJ+9izXIfO4FssUTaFRUVTDsxKfwAts4GlP7wVnmGeTI78yEc1ijwi6zkiMdpxRsEK/FM3o2n7JXT0Ogmfk10+R1NgLeXzy5JQ38V5BKXyxxMhdxU6LrwwYY0lYDtSWDGd5BMwTNOZpheVZ26nvrRk5VrYFG6TSHrQKDxQZuIQieLSkxRpWAdUPApxlSnnkgnHfd6rySge8/OAQNLGVx9kYXrB06NcUTJULI5zfBJAChhefjkXZLrv81YeTmEYGqgMpJ2ItanzdVo4MegID3X0Mx0DV/zwniCrVHkILpWneITyh9lygI0NfVH/lIuXcwEjUaOOZJPVfUnUkgY6SmNGpKUskvMZhW8qlV6Ojtz3tia/+bSC5PMnJzs7i8mlc47IGuWO36K7PtlFYp5EIGcucW/aKKLUkt9mxEQBk78AWkoBBj87VpjII2ONxqI98OCDtrK2ztSUD5tRoSgYei+gSRsU4DhAkDwMtcVQJAPppI5HQb4bHs79lJfS9Y06CCsPXJhTArJOcJQVdnh5HQ1xTVhfxKchvju3xeK+p+N56JqyqHwqZOLkD7hElMFJPPD04YUiw6qpkxeSmQEIA5mMylSW5FpgDk8djDVlSMh4Dphxyc7clQNN/gCryPJlqU/KFRXHkZfKQ77R3H4/JDQBZuRtkvi5KZPeTwuZUBpuel8kfj/WyQ/fmlwmOSnaKDN6p46pkTMj5wOFSilpLH49s7kjB86SDFNQQbM04uiz1wrHYjZAVUklFkY6cl5pMmkI0xwsSAhGXwBKRxrPjfCkATmPmXwxWY3M6/POVAEB56M9Rn00nPJmWM7jIwdKAiIvoxed66ScVGvEagKFVTzA6BOTXA+TND0NYiBRUd2hKl1qySGFSNtT9QQ96cRPZZffxJ/9yaZU+hmBZqLRIGvCalKJjBgnMg9YIIiUTpPwvSSSj1OxcW+1vmT5KbCSTCDvBJQxrasHkKNDRTnuRu49Bygo2vaoH6SwFQ2Aps8Op8CS5n6HB6eySUZpEl6WKSW+SUE5v3tmikQ6fphV7Eg4rnUvx2MObCAAI0rnYtKRWKSTgEfxWfbrL0Zg+CqsP3bydBUOwKlaLlTk45KLC5c0ASqXgEgs+YFhec3KR16Kz6lLPhre0yEc8QQs5cluMkxGsgiPc46skXKwKUzSZipOqlpJNygFNwkHtHSPSwBF3MjMHQ/IeZMHVekhlQ5r1pi/EmKN3QoZLdaWlm15dc0lekhg54aS0q+f+A/eUyKbo34JDxI6GjolfO9xZ2wIJycH1qVnPrGunvStnOc0lMjIwVTUktffp91hdiRKpBgu619HVweeFwWj+olK0TW/d1JSMEUiXrnGK091q6vXFWQXsWUPDcz8EHtXsWcnE4UHrbbPRu80D31XmWZXoyNepfeXUlkYKLCpwGoeb9eBGN+T9BgovaFLHVSIjjw90jnqkRlsVgo4GLwevHhhMpZDvYwUfyTJwWMTxhRsR4kDlLxT2Oy2fEtJNkljH/rDZsvabPwB0FRuJJtLVGwxlcdZLh4BbDjHald/UVbHHPNvbmKIf2LMaCRVJ+T7rjcaMefHsg9VXt+FUOF4PMQpe8zXVk/Z6slTvvbMO4/SA620hHODUTWZ0lqkn7iocwqoaC3OAXDaF2b3FSKtg3MYF/7AQSbf2w8OrvurgYRQcrnHdPss5wRTMn7i5xzlvCMl1/HDkdPI1P9Sbx3DCMcl95Ob89f0TqYeeNXp3Pn7XCUyykKyYLQyf8S2jqyHv727bze2du3a5q5d3963m7stu7HTsmtbB7o+tFsHXdtqD2yf1QHqwSw9Qc252hP3sUV4eZTX9JF0TDI67MUoOgajKl6wwJ8PCLhTedVuchm+PGldSYqmANMUcLqkJz9eh9/d27Xbt2/Z5tam7ezctu3d2/G8b2/fDg/2ja9dkJvPnenPGxAeKQ/qygCEB+6sNPUBCypfQdKy47iGZ77LjUBKfUiER0E049LKCblVSUfB1TuJCDBNVVmSL2ekMXce10cp9T9+77jffDi5szbM+C41OV1kdm/d+HNC4g/g4TaA4JailUlAzkGwD+Px1A/i3SluumeIe8LEeWpbRLDEL7lOiVFVQQwdSK3cuHzJbm1cVxmGtra4aMsLC/70fk+SgP3dO4ORGnZo+52+7TY7ti3psH3Q8vMDlpgIUOyIPJTjA06oFlWdosnRKAKY7qHKfJLTbTUvRmgKGkXHoXjA8H6sgQnnPvst6cQ7g01Jzn1JyEM2JFH6rJXaEYDY3YYtKVlS7SsOeMbnYEa6MAkqWaz8GIw4C2gIz9mLpnNJQKlUdspB4rW6fbS3f3qYCD7FQZnV2Xy6QXmXlR6v4FcXGnb+DW+x+x99zB8HkadPOtNx5YLl6TEIIByluE7bJ+7P/HBpnAgTYDpGZPvkz//Cf/XJ3M/8zM9k9jZv/m8U/B0EJI7HS0Kl15F4ACu9dkoCpJlHGP3NATINO42TEOFoUN4A5t5VAevq1YtWEvNOLi9ZRY2xv89enC0xnNfYAdbA9tpNV4UtGa80xCFqsqPrbtc6cizpxebhIXVSCJegPFdkiQ6N6I9kCrzIIammers6d+nFm8xjAVmGsaQRm4+wZzxvXW9L+tza3bVbm1u2sbVjm3tSya2+HbR7tnfYliQTMATctgDIoxffwUaE4e+Pi9TISC46JVMMlCN4rjLq2E/UZws13+q5GsZmcptM6fB80pWPVHRGUpd3INkJev3UOXv4Ld9uJ88/oEBhAwp+rmbUDB5f1TtGKSjSG3eAZCoY7gIg0cxvBjgdJ3bp5//uf/Xb3l9145H0JlrZNbMK73M1OjJcpWwQGd0tM2fOnaW/J3l4gisdbDJGNA2pQj45UvJJwpJ6MOu5276jDE/ueTOaVZYsxWX/KjfGkUKyRXhtyrcuUvhdgWBL7rbCbjf5WAAz1WxwixRRgytOWgbvBl6WsCtRoeyDir20ceuW3bhx0zY2NuzqjRv2wuUr9sKlK3aRDTw2btulazfsuYuX7cqNDdttqYySpruHUt1S0VvbKoNU+J7At7sjQCr8rVu3bWtn27cvYoQ3z0OkGevhebGDl0RYi8+sPSAEjP5hJzUCT0R4L5EPEvhyG4VvLK/Z2snzGkWXfRqCVoS5Ltl4guE50NTh3KCfXh+l4+06Ty93LyUV+RGO2SeeeKKs8K+Hubh07kUXyhYRPJd5kjDtcJxmmUYvTN083VGwRFrwZnJJI5/zFy7Y+okTPhKCN/78TsF8CC8Dl3kddvRbayzZiaU1W19ctlW5taVVqc5VW643/ME1BURNHUh6sWiOVZm8kezqUY1DPZEYzOojueLNGEZZytPtmpltA1GGLlIRySmJwocvMxrWo3Z4o8efSUqa8MC8XuElWrZ+zPtuODsC167sw8PDpi87PpDq3vPtl3jjBjlJprwiJunDBm7VsjV43X6xoTQlrSR9RlLx/jIsD+qVF6+w8biHHaCrjbotrK5YrdFQOdV+/Kp+Mq9cxXpbHee76M72OXpNGm4Dyo/zu9G8f5yjGeyR8fi5UuaFz3zmTbnc6Kn0JklTWSbr5kHFPXqAn/uDRGeJzhXGTwCmoKgjPYG43ItRRNB8QXwYrmufu8J4VSNdvfyS/do//yf2hSc/ag+sr9qiwNaSKuQlTNaO8+iCN154R49d+lRKZ/jIVRyPggQINQTfCsSNJgP17Kwts4KgUrZqgRntrOflS1YkIeg+AzGQpSkY9rw8ioSg57N0pSN7B5XIOS958C5fqcSXK2Rg+yMVpAqSPVQc83IY0P1uy3qSsqzpZ6K3KnXPfhP+yKZSsiUBwd92Fngof8qTg0MNUjYkKbf27NItqV1JwkOpZQDDDhV5jQ5ZUpTJDu3EfafszJn77bE3f6e98d3vsZxvltJ1QPmEMLWjQdVB5nkPHQdWjBiP+YkTd4sXfgG61C+Ie/odTt6Y+9/+9R97p2r0l9LoHD1e4qgQpwiyAAk+kVAAB0Dh8EjP5/wUO71Oya85Khn0OA9LkRjkdPP6Fdu8dskaaoAl9VwmCetqzIV6zeq8Ul+rugrwVZMY81KT+62m7JywcbCPJhr3ZgtySpOuwnuBJQYJ4rK/oSP1wbcJWd5b0pFHM0xRUCvqyPDeN5r1I5/0rfgOMCvLfJdw0d8JpHGrvImt8rC9ZUMgYeMS9tmqlCR9FKexpPByDSSpwM27hRjvSCIA5rvcCGwQ0gFg+ea4OkdtH0i178l+a8skgArFik000JlkR1ZX+diesrF2zl7/1nfa0im2OxJXxcyceJOTugPsLGx0Zr8sBSDmydvrLvHSdgwgckxBlZKP9H8395/81R//M+phf5aUZ2gMmj8nE3o32HJgHHMBuPQ6lVzz92fxZqQ8del1F1N9euFwx25fvWw5ja6WpRpQL2VJKB7Ist/U7a1tu3bjtt3Y3PHdkV+S7fOSbKBr23t2c69pG/syqKW2ukNWWsYIUSi0kspUU4Njv7E6tewrNgNcNKYKFjXgKD6wqoAJz6HKwSa3/sKCgLu7e6gyyJhvdjUSPNCIcM+3rTyUamMjED7OxOp1pGqtXhXwkDBSmZJSSEhepWfiV5lIXUoCqQN43gnvfecc2Vtst7QvUB20+RqZr2NQmlX/HDBTDEv5skkg25m3vNVe/45v1whRPFdd4T1GP53WGSt70jk+x3byOgqI4+CgSES4039Gce94m5KuuvYTuZ/8T//6X9D1d6UZTQPp6EpsLqLOXMIALq7mCf/wI3wCLOL6dRI/Scudh3VPj8aB3jvRqG3ryiXr7u74dENNvZxXuw5khF+5etWuXLsuRo/d2B8o0rZGiC3mpbJFG0k99rCPlCDPzDCRBgLDRAArqXyLNalAVJIkGVs0soozL7XIdEfMWI9cUjDs57PALUlCBgqdVlf2UVuG977d3jmQahJoMwW7KdvppevX7PLmbbso9XX51oZU2JZ/aMC/CDboCChSvapDPFCOZ5zqQyLxW+WnzjFCDGJaAfuMzdRYQcqgAJARoFZmZ0GBFWksv/rKsr3lu95l63yW+NqLVti9jWVvPdWTx1p0Wuey/0AAKo4zmj8P8vadxpnRy4ORCCH5spPM51DBfLcuGluOc6LgMKyPk9+Xd5pJhMcvDcsxzh085HQ3kjehQlwrf1l9EFtyL1Qbagj1cjU8NhV21MHBrk89sMbpxPKKnTt1ytbEWCQCBjj5s+LBXwzVdYXd76SuGOkNZUD5w21lQWl4aiDoR/lEPCryxYCKy8irA6gEZP9AE71fMmjIV1Q7A7ftVtZPWE1lYKfjgUZou/K/IUl5o9m26zrebkmy7hza5z//vD312adt47o6gyQao1FfySA1lu6wHI9w1BiURgX0eqgsFbYQkGNwwIiRt6jdvmS9ljpavZSx+9YWrb55y8af/qRlX/icZV98xjKbNySh+yoxo3ohxI14r7XSPnqMc2Wf5OtizkXdK1Ma525OvD6THY/GJ9yD2gEsb+6g2atfMz/OsQdSAoweZS7cXPBXJoVlBMPKT6qKymFm0Be6yYZhrmmo3suIDptiVTbOAqpFEVdkd63LhmEfB9+8Q+UqI5lQcer1BdlabARCQyIt0o5DnjQoZkLYjXjF3JaD1NfRy+gW0DC0mT9yUChMWWCoKa8lSSHezG6oTIuSrEtLy7ao0WpdkvTE2inZYydUF2zGDbv44iW7IWnblOqMaQMM/RiNUmdsKsrlZYGdygtDv1KOPSeYI/XtLlXgvAYQZ5br9obzp+3+Bdl5G9ettHtV/GupI7DXA+CVRAM8SpNJXs/kq6R5DECpIJpRSCv8pMrXs1Ic/mwHLlOhdCToj2TwpsKUjcbQ+bH0nbzBEvEZ9yOcn9N6ntKM0kJ6ufTDvBmwYs6Mz7HlZfhmZG+pFXzeiRnzkmyPVdlca4t19V4kSMdKAse5xVV7cOWkndUo66QYfd/Kkp1fXrKGWqOi2tXKaqCqVFFFhrPSTG0P346baXa3iDCgw6hmmQoGOJvMcgcND7jLAjnr05m0zUrNlWV3nWjUBPSaLQtg61Knp2QDvW7tpJ1QuKoa99TqSTt14oTqMbKd7S3b3ty0jtQbKyKiUcJ5N+UaHoo38If3DEvihW8FAAjV+wrqXGzNfVqS6szqsq1W1YGKSgsn+66vTtc/eV5xNWpVnjIQbCRg0ZLRduHmiWynIBEYo1yzNoLmz9OweM37pxrAY09sLfc3/vpP/B8knlfc030jYT+QCCepP9eJjZVmkLoIw4FrbCxcej8KMA2bnFOClAjDSk9GGzvqhd3dLasKHEP1QtQIqrIsJvNWC+ogI7CNWUaiuOwXys7FSDA2D6kKIHk1Hj28qAZhue9KvSL1ES+GupMk48taecVjGY6zH8mp+iE9mXZwSalz8Ida8df7lTaqiofFbCLChGZVR/aXOC1An5GKXJREXRCQVyRZln37R40IpcZ4qM6DY6SRiiAXUy4J68RXJi/hhTij+nZ6Q9vZb/qkL9JzRaPPC6fW7PzJNYGfnWo0AKmGSpVpaoWHvsXy9z2qyDxI73pjh5ig26Y04zkU2Ej8knZKAXMchEfJu8OUPH3KTRwVPfc3/+Of+Gk18kL4J5WkZvwn0gvyFZyqAICgF8+Tg8S5EcDxMB42vFOKazzCk1MphSSMKi9Gc6spUPV2N6047ttYkolvQvt+Vmoct4UUjAlJJih4gQLDvKbGquqeFJeDKssISeoMydOoFKWu2JddDas6MfLy9/pkCOcliagQD24xBJDY/iaOQIztxUcvWSsF2FjNigTxOTVJAjYiWfAGX7ATS3Wp5botMkelvJYWGRFqJCjw1mt1a0iaMG2R9zX32IMqP+fU2XkRPPM5MV1jbjC/xkeeWBqDvXXmzCl7/YWzdrKxLElVtaw6DFMoJgCOqict/9i32mRhRVK+KzErqTcSb1VG/kgz5fNRml1LniVnR+nuAJuPxw+/4SeODdQukxq9A7CmoEjz96PIwTDD2B0UKE1DByF5wkVmKcV1+KW/xERiufpVXjR4UZKJhgY8PN5gRr0qPzZZY094DFnmolgIx2tTdamNWk7SQw3Pzn8L5YIkWc5qVam3BdlrjKQwxLE/FIZ5LiSVmlMuGpWRIZ2HkeLS0pKdPHnK1tdOWL26aMUca6LKauCqJB+v/S/YqgDFhryr9apU4oKkovzrKodUrwSTAMwbNsyD1awh+4s0FxrVZD5LuToDVH/6k+odz2ZDajHxyoqHxQWlqQHKgoC1soot1xA/kglieN4XHPqKt3bWBgur/uCacfEoo7Gx1GGkebRtUjreNsfDvdL1lJTOfEoKVqWDltScatC4lRyc/JTE5FARL0dpIWeZo88RlzwWmc+Wc1zYXp48R/x0znaKOYl4tunmHoYrBjV2DosBeWCNNPFtfeTPvBB7orMBLLsLF4krf7bQrrBBW02qU/F47uZO8RjO81k69BGq3d8L5JqhvksknsOVrFZv2AmB69TpM7a0subPMXlQTZhqicnahlXrC1ZvSFIpLCsNmBfLCfjwK13H7m87ky8DibwAyuMg5REz9gBbR1UWHjrPpGa9DpJofBIPcJ1aW7aTsh+RzP70ULZnbjC07FhqsLJokxOnbKS84L6PLv1xmHP1CN0THAm90v3jNG13/01onClnJSWYmJa0wCXSI3EULSqbrANKaO7UKU08DUtM3Gz9+7EIc0Rw4vjqA9lNSAyW2bKngS9FloTxj1rCJBWKigM0JIGrRqSMM4OeiVbTUVeAqCrJVQV4Un15b0BUDTaSGh5pRWdJHZH5l2rydfWoQ1RmtWSL6xo0nFm2hSXUj8qL+smOQkizRXhGapPHB2PFYdZfAC1IeublPB/1jgwbdHkZmZcT2LK6l6HzyC/hAcyAU25G6IypExQF24GvLDdsRemNdw+ss7djNsDuHNoAmX7inOVPryueyqSBBVVhUSBPIIaRuFKZ0b3AM2u/O2n+3vHjnaShl99SRkDKwQVzncNJ5mkZdI9qz6s3wnHbnfxibEdA7odeh6Ii+EU8yNPwoJ6qnzPtwPiMB9KlSsOlCEDxkapa0e0gHdXsDhyfokDcyxn2mGwxGUW+ipLZbvYU9RGVrpEglAObBjB6g1Mu8icd5Us+rl7kAKBLaeXJflw8GF5fX/bHOuUygww1Km/PSGrQdmEfKb7SpGyx7ir4AzxgNNMKpB/gkzpklh1Qys/5Kgb4u5NeVkljBhhKk8FGdjCx1u5t271y2Tq392zYUl17fGNIdT95wjKSmDmVlaVBPkRXMiEMaJU7aR4U3gZ3uZ53yR2d0/6hbcJBOhLGHXgAC5ZhIWRC8VDYn5vp6AJHhfXE9YcReARYzrj482tSTcIh/UiLoLOJOc6TtGlU/sVxH2mKkVmJb+aiaguLVl+RMcpHKHVPTeQPxbG3GL95uZgu0NF7BukpHhOtvj+7LHacv/1MeNKXlEMChmEusOkIEJySdJj7ieVC+gPMyT0ZLAKvDAfZVsvMo8lmQpqgplnn7I99WOdFowJ0xXFBAZC8M4jROrrMVFlS5/zDIdGSzoOUVwwlDHizbksyT8b3eSbse9/pWF7Guh20bbC3ZxmBS0NDxZFNilRWur6UXEchLXjj6QWl/E/JzymsMzW5jrPE6VZSzrgXLgVXbF9Amek0UVdd99nCoEOaMAlpAc1nPE+z4kUYN7Z1JHR6DwxNGaZzMoTBCsjdCJSQx5GXp0F6ahSOrDxYXlkVv2piFKM4SQAFZIQT0ikmMP2ZjfzcX4nFSIt39LCluBYQZTrlfVsiXSsdJFU4GgHwwBYlMy1zUhPKm5QbSUnZYBqTrTxs5gmBb/nIgEDheGw06gtcA5XJR5KUM+mEcuSRjqonMqw1bNU5DgNbl9hgSGjkm3+WWTUmrmIW1VsaUsOrsukWNBqcjFo2PLxto1ZLwZh+WVA6yk5SlPBhgsy7r4w8+5chOOUTzQoIoMEzUSRUugJWpkmAAOydKU0ZLZqdBZFgrApQvOM3jxDppg6khwt2yznjOQ/sI1EqDY3EFhpw3JkG8LM0tLsAlINK6dA7uI+xixNuFCfuCT8uHTgCvLCt3NPrRtpedP8J8lMVB7XFOYCCgb4CQTeQVmyTjbr1GXGl5WaAwmisL9yzdkplZIjGagsmRHWKWqeWIfVZgKcwqD7yoCxISoAFWPXH2zio25wis+04qzKYSzP5ZXttK2c1UJB9ZYvLsFCktMgodZFb1IezCHRPern78/ccE/DkLuERLLJBD+HHvnsQ0AtylOYjp+cUlDNYMj2mwXRMT2fkzTN1YVMQJ0IGU7knkhdqoagRVnGhDlpU2OiFAIjcAAwuMgvGBXiwbaKRASCA8O8RqjGY2ExtqxARcv5Pc+pEYUMyzaRMOhBI8yFNV2+69r0cNIDwOS11hDC4Cak0AI7CeRmUZrRxpE1SUJKcjgJ54uekcqEalYKvnO3KVQoaoeZLAunQOt228Kq6VuqWO/eA5V//mI1qVaWFtCct6pI4L1EK5lkm8+cpHb+fmjypO07Uyeub3PNwOmICKe/97Cgz3sbLy5EGSNw8k6FUesX7fTomzok4cTKN73HdB4pKpjPynHv8aQIec6pe87IpSrItsmo8RCw1UdtFLP3jleIjXIAgfsNGYhFd+hJDPAeM0V46EauCeFm8PHLeHsrbFwtSd4BBAd2FH/fSenkeSZpuvLt6xX6K/FOaAhSQefkFfY0g/eiMB5RpGZS/VPhQkowXMij7cqNh4+7Qejt7PinaWD9p1fteZ5m3fatNzt/v8UBp5BIuLbZfR3HvoGn7JMcvhzwXRUtq5mnM0pnsqPbjLZg32/4nGD0rYpCrAx0BFUeuPR7n+Mv5mRiVjqzSa+4KMn4Mp/PE6MN57+BaDI1rSRr10lJjWQCrxWI1+Y+QCqiJpIxIMBzSLBzhIh+3zZiO0MjQbRsaWyCbbgyikoeEIg3ZZtwnnOICAH/5AacGo9FYJu2g0r3IAh4FiACXOwHZ7STKmOTpzssqKUMB4aOcF9bLy7kOuvZOp3R54M7D+LJGx6cFoprK29m8rTIMbPnUSaufPW/ZBx+x7P2v1xC65iNh7ExPJnWkP0cpz7hLa/CnSHE8RgGSCD9z4inlThxvnYMFb/9Iapq3bmzxdOE2WblThHmwpD2NrOElYi5FJn4peWKQe6bJy00Lhz83iUtKSQhKg59Sd3uDXLivhkQKlOsa2muE6Jt+pBkqIlIBo8pHe1wrth/lSMtXZElC8YY1BhcN5pORanx3iZ+qoawUHvAk5XQASvJQd0rmS56xmwQyj4BLiLqlW3kfBVeaZ4DKCUA6eYE9bffhtgfBM/jFDZZZszCQfbL41ElGoCqvrFh57ZSN107b+OwFy1QXNEjoq4/ykYFZ0TiPNlQdvK1mZfbE73oMctAfo2jzGOl7cD/M0iWvFDOQqnGLprnpFx45At4tcSgNkwIs8TwS/s6Y+NwtvWCk30sBRlqADHCpZKV63Uoa3vN8xFMgn6SBiOlOP+DMlTNHebALS1ESj4Ymio/4BCwCEzsVOh5Z/wxAfOtF0hIo/IsSPLAWSChTbK0U0goJxp5WbpArnieRgAhA+TSEjiy14WYAhVpFvl56hcffJRTgk6MShOGlWcrDi7MuTSWtWDm6oFFydXXNxkvr1j95wbKnzttYA5XJuCNpqzor4dnGczrHcY6jDCLnr9y96Pi9WXiO7jP1Sx0iwfGgu6pJ8je5icS6ngaCUrHmoyAaGL+UQSIPl4SF5uPym167SzKNdCItKMJx7WfuIo/IK4Am9SSGFjTiYZ5GHJaPe3t4JeCn8z3FG1o+Lp2kjvg8G5OQ/lqX8vMXSIcDf6HTtw9QGhxdKgkwbh8hbZSX20mSXAqSjM7is3T+jqDi6Gdax8iXIqoOnobKMsczfqf8cB+IBiBMAiwd6WeUA5BjhzM69glVVrsurVq+WrMJE6EC1aS65G9ro2EmY0lh/blZoDwoG87VF9eitE2g4HH4vRLNx5sPTn6eiOcgp3thJjiwr2fH+ax/e27KBN1zl5xDxws1Zdp8TtDctcdRJvTwVP3JNzmQnnoo9dcxzvFLkkB06JpncrlaQyJfdoQ3uO654a3G8DLQKIzykobxSmbV+PERI0CAzUNLs26cl1v9Q5gCVuoAvYNB+Q54dZ43nHs9B5Pf1x/bU7IJyVB+SCsMeZcvaR290FzqnFIk5UNSuEqFV35UGGdu8C8GhEpJXtEBATrLo3vOf3b2qzD7XqzYWODq5TQyFD8Ki0u6K8DJesjliipfTKZGgp6JO7eTxI+keC9LaR2Ok7dzQnOnPktCs9KGYcTAEeWnPNXiV7KZ0Wj6UUNvLI5yLh/mUnKmJZk7U7j2q6DpvblzpzQZd/iTTnLDXcqQmXMcDhHhGtUJVFkxFV5hMLJBxwSJhAEuQI0dUIgIMZd7Ckf+XYHkgJdbdQR0VJpvBwIaXhbFrgrplPewVy9esj/86B/Yv/n937fPP/OM7ezsOLgoK6V00gXDen/DGlUIKHXTbT2cLqIhmPXH9tKZ6uxgyiqs0OuvzjnnIlU6XbzHKImq87gT6aDGWObDIx0k67C+ZpNT56xf0D3ZVrHFmmrvk60hDX1wlTh5ul/kN0dU6phXSkfabkqUNW23uxO3okZm/XHucnbQWL8o79kXMz02vS4qGF4BqjTT+fQjdPpzJ0UK+k0CRjB8YR49e+Zm/nGkN5aYr9HoaCQQILUAw0TORyUenjRhKr+KJX/SQlK2mi3b29/3PRdYPZotsCZUYVFnhFZ92q2mXbt8xZ5/9jm7fuW6dZsdf9WdT7D4Z9wSAKJelXAiVUKK0WjwiPyYXnBjHRXqQFN9dPQiqtFT4B21d7z/eFqeHh4KSxjV3jtKX+XsWsEKK6escuH1lsdw90SjDkzGZie83R0QujtFnimRDRS8mt07Dqr5NicN/rgMF/f4myddX1m/vXdJKnqSeemPnvhdVea9cSPIG4fGVr5kjT+9IB3pzI94xEofHUXPjXBpoY84eqwHCCCl/sfJK6P0WSbDg9cXP/4R2/rip6zQa4UIpjCoSoJ5wfin0pJoAg0bmLn60pFNOhhB8tYwy2DKkn6VUtW/YEqs5h4fN9qT6mQTuLLVG+yKx+gxY+UKqydiqyBerODjBrwISzwkEkY+S2EYJLCEB55QbkA1kYTyh8rO/OAXDomamQBwlVV3Qo0g+eCF7o966jg1jf4uWGN9RfXD1lyxzPqaWZ19WhVOkZxHJOatEzz0vJw5QbNz7qf3XK75X0ppPBzlSOMxQHGigySU3nOmJJTGC41kv7u8fv7PihN+42mOEL0mstdRYQFJOmcxD4JpBtDUm7iwcZ7IEBcFj3izuKnfvPP7AgaGaVmGe3mhoQbI+YiJhnPrmAakTKp0+tyP7xv2Rn3rqQf3FX+obHm/8Nbmrn3hhUv2hedesstXb9rN29t2fWPTLl69btdu3rL9VscyxYLyWXDVys422GquWuk2ygfw+FtDGi0qR/FVoEDyUV7lQ6ldgiksEs5faMCxgkHOVTVpyn7kYY4gqrKyfxbLn1VWdQKAC4AHAnP5wsNWeeQdVnzk7ZZ/4CGzxUZAQtLyKAW/0sGQs9ob+LibkbM4oeD3jObbIdr/mF/i7kUqh2OJ1uHyqTSwJ8Sfrn0CkaOucSlNwyZHUnDiMgk29cND4Y4WJr2LHww56igSOaKG2PqwurwqdViTAR2GIqDyhXkCFHtNAHzsk756kUx2gWpkbUmqg07HDmU/NXsja3aHtrXftOu3tnwTj0vXBKqN27Z72Pb9tDpSl81u11qywdifgXO+vMU7ff7qmLIFvEy68h4iefMo0Hmle6lzwNPD/chaMdlxSGmV0aWUArE5HGVFYo3pcIrGyJTX8X0vdyZ2FzUCLCgP9SFm4Zk0RUojlaE5CSFKc08dFOfevDqmwEuJ5jjejtDRdpojvHWPLKfZ3o0yk89xgAWT3DjzWUVsEd4fRSSMiDLJl8TmoHI3igqQbuI4D69ZYeeSwC/8kYTgG+GZxErzVgOwyK/IJGmlJltp6A3tKllSQT8qGipFqorGUq/n492A4oDdaVrx2n1PUmusBmZ0VaxUJTyKLEDwrZGIAxdgO/tasa8n6XdlZx0cNn2HviZbJAmkrZ7sL4E2y0u0coDa7S2MedXFJSfzV/L3XfyoAk4nvhyJsHL+JX3UanKNtPJJWjX+KF+x3NIJn1rIjQdWGKo8pD+W9JMKvbMdAGbC37tQ8Hjmpm2hA1hLr6f+czTVUB5VnFb4lwfWpDXJZj/DGa0pZk5eUEd4jsiegJxY5CrAncKk1blbASAqPA3jJYk48/HujIs+j+PMSQrpFxdxVZKixj+SUHw+jY05mL8hXvRadreTod7t+PZFe/ts2di0/SZbF0mtMGvu6ah8kiK8Ic0b0L7nqa5TCc2SE141awtEBwf7MvwP3bBnk46t3V25Hdvxvbpk1DOqRCLJrqKcgIN0onNE2XEOKp0hm1B3OF98B9IShx2DpAJY3C8UZf9p9JcryJ6SuGKNFRLZDUpnCAX2E69/ZEn3Cj8yPs7nu12HX8RJr3GeZuK4nx5Tx5+/s3gXUuwvqD+/wLkX69EbN9ryfpLzI6gkIx1jlJIk7RmRSJBfpQVL/sIrDZGSQqpAaQVIIQ0z8/MrPBQ6jgzVi5WKLUgdshc89/nCO/aUg0KuL0Cwd9bu4YG1e0gh0lO5JT14+Fwu5a1aYb8GXsAo+GtTrMyk8oz2AADpYD8hCX2zWoGnhzoUkNgIja9B8KmRfV3v8VWuXtvtpLHyiGk3yh91SCWT/1EHuRhFJkcFo34s/tOlLpizE48l5bI8fK+VpWkDUKjKfIYBQ4z8fEKUvyRd/XubwKfUwerAQ5SH8/Taj4lfej+lWdtG2uSlU29jbnn6yR/3po77hB1PPnnfffd1SCO62I8+I76OHVjch8sc/VR/wbQkA/cL/wiES/2oIF66K5cylVKhYl32ESANzSlnhJknohDW0xr52vZqY1FML7mxiyqJfUSxUUwqcuAqENVYLFf85YqqRn28z1fXSGrRX3bQtcBVE3h4i6ciCchaeDZ4Y9EegwReluUtnKoAzC40jAgpBJOibDWEZGFLowNJsr2DQ98IhG8K+p5iqkxaV6bjAISrOcqZAI3JT8AxwmbSH3u3Y8eyxr5Y0qiyULSRypJTR2IWnXCMLHOKlxkntlrCu3lyfhOWc3iaupR07u2VnHsyfj9pHy6TxvDrJGicE0Zpu0P6S/5qWBrSOByUnH8irlJg2c+AiY8rjd24htJEjzr8vAj0Ng/nIeOex3GvoNQPK0gVn04Q0lMc/WmxolIzUuPoF+OWMDDet/CRnTSWcYRN43tZieH+TE2BeeulJrukVqvZAm/OaCS5ILusLr9GVdcCDK+JLQCkXNH33lqt1W1V9hsbuS3ruFAu+57qbJXkWxxVddQ5e2LlNGrEIFd2PhrssmeW1K9vzgawkoFENKzAqLoD+PgcMYBSTZxn1F33qR9++OiIOu/1hgKXJJYGKp4QTFATucGeNDw0bYuEZmevTMfjztNx/1nYANa9iBByO2LMH4ZPAiyhdZLv5p5TIp/iOhJMMtI/VYoM/JILP+cY/nHERkjuTMn9UQuJm4WnoJxjoHPurJY/priz29MjTkFAqCwsWaFSV2FyNsLWkoTqs/02VrjUV0mNj5Rh/VW5BDgWfG06+z3wXem6JEFN4Msp/ESGeV6NVZMRX9XgoCwRU5G0q0si+juKCrtYr1uD3fIE0oVG7G/FCJUVE7zPWFUY8qI+DhDKChYcVBpIaGDAjD7HIVMJqgcDBbfHmKbQ8BA17FJREfsdthLI+mqOojqEs4keoyZi3SqtkHLpDqfAwdfgd+rAInx0Nif3UkrPkz5OIkfOI+80B/krsZBqBJLfMac2/MTq6fuf88CiRGKZne/1BsrsifnMvWSk5adKmFte4MQzpTSK97JZxQJoR8On92bEvXAxlE6OYrJienzWN1Xqi1aQG+oeH9ymwWJHYmwTVhYwbyRjWgwZ6h7Dc4xM3lwZCYRd2Udt2Ub7MsQPdnasqxHfUCPGQafn30w83N6x1u6+9dlbQfGZ8EWCLdcbkmYNSb66q01fiZqAi5UM5I9d5q/pu70VKpD5KEaWgAnpygoJXL/Pc8YAFO8b+n4SKuNA0mqczauey5KOks50MO9k8Aq+0PBwJK7mHTYw5TjK17vT8TDwN/Wbb5s491NRgMrnxxwE3D/qBK0/UBgK7ES5nJRQ9oVPPPFexf8dBwIFdduB07hmsMt/+KsxFY8G8BlnMCpvpsLdniIOpLA0vA8AUj9RzO0kdhdMm7sH8TATY5FgvBJ/uL9jT3/s9+zSJz6iYWzbG5L1Srx4wWb9zQM226AIvBYvO0zSYiDjWxcUyf0Fde+AOQ3bizwuYuZcQCFrXyNPXkU1tgz8Am9SowqramSVvyfp2BZYkA68kEpYeip7ovLiB7P2vg5LjscszXbXN9SlXgCPZcyQS+A87xzqgtl5gWnEHlwawVZO3Gfn3/291jh7TlqFV7t0X51KOcKiAJAobfyUY1zBKwV3wj8J6X7zaiyNSzniZAamlKbpK83ZPZ0n0guKj0rMaDwYvWf9/ANqnCDY4yQGjBdK1Y8q6hPhIUeicp74NANu8XeUpoXhTwxwhqpBuI4VAGkS9Kzw04+uo7DzlZuuisARRvfcKJdKwoBHHZIOX21AxSgzZxSqh1UNdABGVcwV8byQdePssuyGtKQGa8l5yHx7c9O2trf988FIskN2A5TU2r69ZTcuX7MvPPOsfebJP7LPffoz9vwXvmgbN27Y4cGBRotMojJy5NGRyk3nEXhQyQBvumoiAYLbYSJfp6Vy+YNslZfORV3ZOLcrcLk6V2ehCekGUwmBE5/CgJ7jU+K+HErLlBJ5vRKRJ6DyY5K/mnDmzD66du7+f+s3EjqSy9NPP14st878TCaX/SnkEw9TPRkSJAEYmIAmdQoEXzUkBkgs+QU4zuMIw03v3hx0JI5f4C/mci61l06QeppKAEk2YkWAhtqFcd4mhZxdfOFpe/p/+i1rXb0kKTR01VOSAZ4f5XwTXD5YrlJbWarKv/WnP1Zfotp8Yw+VD+nn2xepjNQvXQsfOxEz3YAtwwiO0afAKLuPD4Dzyj/lQ7UBHj4CJc0rO6xmqydWrS7QM8gABGzc1myxKzKrHAqSPlKPAhvPFlkAJzTKXix6+dm4t99WuSVFT7z5O2z9be+2Qq2h8KysoMwAMfiB/cbZ3YiVFlQK/gUA4ugNl0geHBhNz/1+Qul5gDc6+72IlsLum4bNZN6/duq+vxN3g46UUolnn//kE9+dzY5/IzPJNWhsb3/9uORTQ3BwgEBx00U0+OH5mK9351pBaDgnXRBUN5wxgA2QxsI0D6BjAAuKUGKogIWdkZ8IDJJUO9s37NMC1ouf+AObdA59tUJ9aVlGeVU206FUYtvVHt+TjhWgank1Cn6+hFhqzxf/qZxcw0xy9J2MZeyjWplPgvvgPDqOksBJwiCh2JKbCdNms+2gXFxcsPWT6ypHAItwbWb8W01jc92qDHEEFoMNr5vSLkkNZysFSVtJ0N5A9RvZooz2xUe/1WqPvsXyGqT4R9TVaDNgiStJ55snh4PXYx4MgMrbM7mOc68v/mgE/jwQ//PhAqCQYOPhjxOlQCQ4sMz2ld73rp+54NNVKRFmSmLk+CC79UmF/t0QfTFMTu750RFCIXWa5pkWjIzIaurvcXGgmqgqqKQUaR9lxHECWuRPWlJp8mHwt7C4Zifvf73lZeAedgfWlh3TR/1JLaFuUD9u47m0JC756pp3DZknKmpEmZPqkbTb77dtTxKOic7OSGpNknGUV55FQboi4LFRG0d2hgnxq7SzlmeSVSqLjdjYFJfNRWjWLHs4KGOeK2JTYZ8BPCZZ+/2e1wqpxVSFG/vE0V9RIK9pFMuKC4AZUj3l4IzwoQWmTryZOq7T9klCxDWNLy5gLnAlv+Cp/ojHNaWfxp1PB1KulGXq4CftQnoRT3z+zeOggo4AK+gMK/N/RxFbaYJeGDnIC6pjFHVGaZgIdzS8nyfX1Hta9tQ/uXWc3EJL7CkmKdmw/8yDD9vphx7xZ4eoI+Z//PNy6gQ87vG16yRIvmIoRi0+veHAt+5mdn5jd8tu7mzZdnPfDgeyb8Z8K6fvH/BuA7SewDDSqFNpMcPvE52yzXxpss4x6BcWF/3I8mFUVNhaGOmsIQN4fMAy7wMJ/2AlKlRxkT6oJ5b29GVbsQq0hhpWXK8vDFIQmtzZpHQ54oKX0bA68z8PzBkHYpG8h8MjABD3Z4AIBx0FFRTxZsd5irSTiwBaMzce/Ubic4TuANbb3/72YW6Qw7r/VGRK8cUQFQrmYYZiY5CDV2BaSELOju78flAadurvjnTT8wgHeSgKLkZxcOmlhp6oMRoagZ153UNWW1nD+hFg1HA81KV8ASlRTFUk0FQe8ZCaz9Px3R0+Q8d3eNqK2xV4+IpFH1uHxzjpKlMHg4AEIJA0Csdn5PADIKgoJExsUcSnUniU1Av1JqD3BnxdfqBwSLNocOoD9XWvn4xY2XiooHvsO0FjOM+jEnMkD/fj56ibAu0IDzmPWf55MKXnZOESfRovIh4/enkxbY45eEtc8eXj2Vrp95PAR+gOYKlirOvdEPd+O/EKolC0kJiaUhQ3ceSZlkc+8SdycIbzzjoLpPvpPW7MMYFKT+8htVRQTjGA8wU7dd8Dtn7uftl9OR/h8VA4PhzAgEMqCdvQ4/mvIioVznGSDP5aGCsclBVrr9qsgBCQBn01hgrpVVV6zPJjV7GMhlWoLBxEYgFCpBerGZiegItDST1Ah8HPmvUeUk92FUY4Ug07jkECZUN189pWFRsMf/n5IxxJzEGzqU4UiwlhaHy9Na3FUTrCSz+fXUPz94+QvIOznOsidR4flxLtkPwlaU3jiUfZSebXG42zW1wep7uoQrP7P/KR/jCX+3+roT/tCcp5b1IGaQQ1o37jXgRBSoiitOktb6S47zfkLfmTxMHKwEXK8oi7usd9nYFE+QRbAab8ld7K+lm779E3W23tpKSo1IpA0GUagW8V+kPokDBs8UM6SBReFvVpCFCqs5FGYXwgkz3jmcjsKO5A5/52j9tUrLea+CQsUwsssVFqbpCzqoH6+wQwgGAEKTDxaTwqxmAGNUy5CAew2DiOVaf0rpFAWNKIcMHBhm3GaFL95mDHWjeuaiCy7/F9VS4SgjLr/66NNaXglbe4H2eU8lNFnZ7HNbwlfLj5e1OX/EULyCkNXHac+USxn/nX8ror3bWsmQ98YNzN167q9LfCw391iD/l6Nf+y48XAhYmx6RQ+BMgrvHnMuJP/eYY4X5+SZjIFLXjaYk4YgCz2O78Iw/bmUcfNVnJASQ1It8qbCKB5PgqBZIFCUOZIwmdqbHwZ0kMHwngHHCk5KNaOonS8+Usyg8pRjqEYnafUSXlcsklqeSPlwToofJ3WSkguHTWkfkt9ncAG0i5vsBXyBSsVqxaQelQNh/UiA+9tgYTO9vWZq5MkpinB6SllObUfPAh5QnEOeFS/+P3nZDEiZ/OvJOmnE9d+pvS9L1EOcoX7y2Kn95Io1+vXbiwESHvpHt2gueee66bm2T/tQrzVOA5GOaFoIBJGdJKpC61mY5TKqVm8QAMDjmgHGAuDaGGj2Jxrl9n7IxSm2dl7YTd/9gbbfHEaTWggCDGIf1Y8QDA+G6gf8YXJ5U25itMhFBD883CdvtQoOiGNJMUSl80JQyGOqqRx0Yu+fSHTUUegAgbinIhsVCPhANoruZ0DYC84eSYLE1HrEg1hFatWJbEKjHxLkbIatU9Got9tnwrpL5sNGbjBXx/OVZlcrbBQOqpI47z9DqOCjP1g4viXeqf0HzbeHAFSfrwlNLLLHN1pCNHGrN0Jp9Sh/mQeDD1OU73BNb73ve+UWdh/Lyq7VJr2r5JwWC2g8m95tKfP4c8AE4/ctSbxwEkR2zUnadzh0ON+VDB3fw1H4Hkm333P/CIPfTom6xUrXv7sB8nKhdDPb6lg3rEfhIYPT+BQZIIdViWGuLzJ7y7V2DS1OeLAIrApPRdPqiQrs7kz95aXAMUiHmyokapIxlqhGHzDsrN7D/AZFsA4qB++SgnE7h8zoUPTrEDNPMndCyvmxxGP+vowzSQdAOwKvtQIPPtkeATQ6dkugY3Hf779TzvZu44He+oUAoP7pB76gJMqOM0DCfKazL+tcWT913C514UtbgHPfrod7b7MtBGmcnnQLarJRIXBTRE84VPzr1SSbgj3UH+9C6vsEDga4wogsLA42AGBQdEHCNs6iBSw/5AAi0vSWq9/jGrnzzh39VxcJGfGgGpwigQ4xzppbZ3Q5jNP5brDTuzeiK+ciFVWimVJcn4yHmsQPDmBShIJc80rpFoDhacwMEjGB8VYpcVSt5pmMdipOHl1T/S62BvX8A6kJSSsV4u+c6EQpniAQzVVUeXcgKpTzJ7HVVngZjR41Bg5WG621spP/hLz+ViGyNKq7RxQoLzUDWA52lDE1Y/3iw8MA81F87VHnHJi3rMkWLI2zXAJzWKflwAddbci14WWIo8yvcnX1AmvxHP7SKzOag4ecW8sHN38AMAVA7+KSt6iztup3/OrIjipPJS5jSpNE9Ukfc2/Y9w8maj2NMPPGD3fctjVlyqu1hPH9TG8zoFUjwam2kJpBJLadjucX1lxU6srtkii/pobEkgDHMHk5JwVmM8C0w8ikHNURLKzCpQphB4BJQXoNgWyfNCjbs6lL2XPP9ra5THw3DWhbHlY1688CcOyethyMahQMYSavLkATeNnhLTHjxLHOqoTDx/p/QwZR53YDTlgK8BqgjItVJPwrov537pNXVQuYfyoKY4+E1ZvDyJkz36P5y47+GXiPlyhFHxsvQnv//7R2eWFm8LDm8VM897ndMfyiIG+/NAgIMfjaFzf4HTGY3flB2iKHD4B9A8PcKkTOHoRNjkVOQA1hGWIdX4OgXbcLNz8cbNG7Zz+7ZLLZ+91qgrRlxIxWhMEmOtu++JwIQkj3f8MY/OFR4Q8n4gQKGZecgNgOMNa2bVATR5U5oYBPiXuZQDzaOf+BZ1T4VQWB7XTPpjWyzXbG1xyY11/9RKLiQnYXj5Ao71hxqhlquWWz1lWV7STWbyKRMZIh/gM0uIVEp5wQWqNMegYxQtElKXsLjUXkptJyQ8ktBT8boRKtL1XawVOKkdguLD4+Hw79SW1g890MvQKwLrQx/60OTHfuR9rUKpVJhkJ39SOdB94ybH5JyC+ClHLxs/FEnHJFgS1O9AEZ6zpLGS+05pIMgrTPoRwNMSu7CXYD4fdMKG2bh21foyeIsM7dmElDRChyt+2hDJxKbiAUCukYakSBiXsPpD2vLwGBsQm2no6pT7ColKRLopDnNTSC5fOSGg0USM5rqttk0GfMunbA1Jq6IATDmgdAmRVwcLXhKuNxBwF1etsHZSUlCq2cEvtUgZvXRRFR9pJi7lm/P4OFHOBCQ8DOeMGNzwPobDT+kAprBf4xpyCSfkhWTTcTxpqvP9zOq5R2L1yysQHH1Fest739se5se/poL+K5USIyQppAjx7E59PHXqXsgWNY0fo+A6k6PHu9q8m6PhHAQ6JxOS98aM9Gj4KWP4ExOYDeet5je85a328Le82WqNuqspojs45NRuMugT+8cbRdVOgEU+zFXFunRmxRkRMrIjX2opNQfA5FxaeGPrKMnHoxueB/oMPfacQH0ogPOdQwRgo8rHw2WHURzxxffRIl8hBHsKGwewHR4oHgWsLlomH1/0FwucD8HpaHwAC3h5B5H64eCZWEPgcNRRLrVlcYw4Y5qAeCkf45gOiKAIr/MEeZE/yfHJTfunu93c/+geXwJ9ScBSRSej0hI7//33apanydf9pwWXB/+JvxeQY3qeuHlARbj0vl95+Bl5bLm53gkzxMhIK4GtX5udPH3eHnvz22zt1BnZLBmf0BwIJCySy2n0xk5+vOXMdATz2rCTHWR4j9Bn1YUqrlFvTJjymAf1l9GI0acjlAZfpuBZIPVgisEf/fCQucuHpLq+GpVHM/HBqIZ/cg5THEA4AJxUWP2nksG/2HrQFQpXfKuiWHqkIAIH0tJHzQDTPfWvcvoWAnLggQ4GA1K+Rluk57RRtJP7AzrOlRD3STCOQQFo/Cjr7J464Kcmk+w/eeCBB1TQL42+JGBBb3rTm/qNhcwfKsKvKNMNCknlSSCWzWArzAjmh7RROK7De0pHQZYc/ZxLzjnM7s2cUsIfJohrbqxrhNg+7AogYnNpwSb5igadvJQq9ZJ0bl9RIGkxlOThwTUGeOp4HNPl4TOfZkOlYVsRRuX3Z5DKgwGDLzMW8Pz1eiZgWV3R6TigeJVrpV6302snfClzkYkG+SGlmHVXQZWeBhQOMDWu0us023ZrY8d6hZqVzt5nuRIfP9cNyKVlQjpP/bGHyB/1TBndPsIBskg6HO0Dn+QijFRq4qLZw6UAd96qlRDm02s5tdM1pfKLy+ce8Decv1Sax8Ir0tqj39mSjfn/UY6/I1CRs/tTpED5UcKHYG6byHlFRWn4FCTBgKiM91KOSVgPnYRxH/GBI7f9QbDcwe6+ff6pZ+3F5y5K0kjdVFApFYVlvwceHqsRFCtd5enSCXUipvqITn+sZsD5HJaDjTmwrjWl3viCfVeupVEeK1Ix0HsCU+ewJUN94J+7W16o25KkFFMKanU1MiNbpa/yuQ2nc2pAuVGBPKTmI5ktdYaqQJVpLHm9IlSE9z/anTpPeRD+/ixTjs4NAR4SIAyZ4OunAMxD3I2SNFXfmOuMNvI0uMvJ2P5lc9j5bdXl3snchb4sYCnx8f6keFmV+EdS2h+ji7iOBiTKV31bodSEDhoqFH8uueZcUm6vuev/2WWEUY9M7a10AtXjedy45yatwvOByee++Hm7+Nzztn9rx8Z9Po27bOXKslQX36pRIwosBwJAW8bWUPYN5gzgYpORaBeBsVAkOTW4VCj3VC9UZFfg6kqStVotAXjP9nZ27WBv158LVhRnqdaw1cai8c4in5njG4pIKh8p80+jkTB+npfyGPVta3PTdva6Vjh9zirnLwjwyRs/gEbOcaIIwUeaHMjhGR3Y9YMCAS7S9mkb1S2mbwQ9T4B/rnXkR+TpuUvbSMf0b+qf3JtMfleS9u/fd9+bdjzyl0HK/cunp5/+/YVCq/AjyvSnxcCHvFvpH4BgGMNUKu4vXYh82iEhenGMwoiCKtOJpMY8eXL6QXL4qE0uaRMnN4B13OEr9s+/YBtXb1pzt2ntg5ZU1Fj3NVLLdizT37Rh+8BtJlYo0BCFguwlVpjKcfSlyahJMZKVEkNJG/zIj3ISnjdpHIFqRGbNG7UFW+SVMAGXBac+WBhLSikNtYaARSNT9kgDR3m9TvLntf3r1zbMKkt2/ju+y5YeekQ8Y+pDEljqkJ0MfdMTpZvGp+Fdpfm1jkor5SXXXgYvNccAH9d0TCXkYYOmoHEX+jMAF/GT88nkaaX9txbPPPR7ihs3vgx6xemGu9Ev/uJ/O9i8dPW2FTMLKsM7lHHB6yVibiQI2PCbVug43VnWWeWTu7rm6HX2y4zPO3F389Yte+Hzz9ntqxuycQY27DMlIKDmZN0AxnHXarmhLVWK/hilqiNf0ZIOtD7LU/qxrIWXL3ykpSN2E4Dg9TH8gAPTEsw51cpVW1tethMrqz5zv1BOFucpSZ8PEu+d/SosQoUyR9351VHXDCYODg9tb2vPtvc7Vr3wgK287mGNLhf8tTJGmqyc4EH3dA6QFNJj8hf8UH7y5p6Dy/OXw98dQQiYggzyAiZn8r8XXibWlFT4e0vD/K9nlpcZ63zZFCX+Cuj9739/9kd+8PseUFv9rIbhfykVOpSVXqUfCYgZY+bdlJwxMEjM4Z7/qV78yPnRT/ilkeMVqq3NW/biF79ouxtbfGJKo7KhVBVbQDKhl5c67NukfcsW801bqebUaIpNr5bNxTZBbB9JI0vjiiQlJLHik7xhZGPfMT/F8uNySQBSY/uLsCxz0X0azhfmpeWkkQTIsHtkCmDp08g6eN3EDyQh0xH7B/u2t7lvzVzJTr/zXXbykTfaQq1ufH11LNXK6NXfkVQ85q1CIgVzgzv6JWFR7E0R71OmNhKlCekzI64jTuKvsGGShP8sfBxVj//HSm7hP8+cPdt2j6+AooRfIT39+OPF3EP3vyMzGf4Xqth76OH+Nwcsr5AKDnM4T5kS3tFriONrj/wWYVQ57ns4NYz+eNuFWeuNmxt28aUX/cPdfC2Mr3K1DzvWbHbIRi5rPTXgqLlhK8WWnagjqWA8GpejwOPh5IFkU7l8kzQ1JnkxGKD8rnIENMBGvQCRf4tHVUM8IyESlaFSxhFpx0NpVz/UWemRDs/8ULOtZizV2d3bt8yJM3b2nd9t6+cfcmmak42WLcS6dx6SUxZ44PWnPPjpL/jDkeLHW0aUMfwoS1CAZR5ocg6+IPxwxIv77sv5rwvdf3PlzIOXE8+viBI585XRm973vr61+09plPOP1cufcTNQ9eMYjl6hyqngYYjPO4VN0vEepHDRi+R0dJtG8VAz2FSj/lCjqBt26cWLMqIPXHqxgtSXGEutsdiOgQQPY1kW405GO2k5E5UNQwtfw065klfL/Otbus4rP16798+/SfK408gxK4Mf6aSmU2wYj6TTqFLpxmJCpYWU8nzlPE/KrvByrE5oCfS81cOyZx7zUIbaat3XzKNOAbx6jpALuANEKVHutOE5hHMA+M3pNXGUDs87fTGiwMazTngUagSQzeJ6u3h9dC/xF318OJr835dPPzDbk/YrpK8KWNAbvuu7Dm2Q/z2V8VcEhluzgqs3OD4EGgebGoKGp1Hp7elRDGEVKOG8aoqj5vW/nKQPkmzQ69qNa1ft8kuX7HC/qXSlMkZSeVKBA6lAGivACoNIi1WksqOYPhADY2Sm8nBUBjEDHaBQBGWIZCFXwKAy4CXHNWY8wIt4pEEPB6ykEdKWkGNVUthSmtwntFT0oOsL9lrdttt0gL0pe3Bc42MAZwWsmk0wGTVAyGO8E4u0KQbJQvBl6mAOLiSNA1Dl1C0vr5eFVSNKNJPhHcmy6sXImHcicUzXIrEJkziVPbKZXBlPRv+3X/zlf86r8krtq6OvGljQY+9853ZxkPvvJML/iSp6SAPE0/KoMNInKk5DhHOO4C8XEgEgebVDasgPo5k5o40bN+361et2eNBU4ykeaSMVmJaQZMGBXjaN5V6327L9/V1/v8/vyw/HvTR/xlluIHsrxj3ATlulEgPvkKRIwpB+kW9SLwVgRetUAns8pS5/1nW1O5Kmna7PvBOWV9V4k6i2dsoaK6d8PZd/0hcJg1oWaGhTT5oCHKcoltO0Tn6hYjkPqBv586u6SVq5WpcZkc0LaIAsqzyxVdkTVcCi3Cr/rkakH/yv//G/+NAHPvABJfTV06sCLOh173rXrVwp//fVYP9PlXiH2tLTZw6wqD6qiK8BUmPE+p8oREgTGhv+UdmRb4d9a2PDbly/6epkAnCQIUoHPLgtp9A4jHbsJ77vd3CwJ2DtK36PGQLdnm8RfiKOn/mBRiIgN3Fx7tIDIOEEYtcmNJ6XPwnKQdc0EI9ZWFfFixQAqqeR6kA2F0t4WMLc63Ysr9Hk0uqqlRdq/nY182duoFMQHud4nSgXdZq51O+ViCkeAB7wBKhcK02lHQDTyJOXSeR8p8RMZkNS7j9fPP26/9erBSooavEq0f1v/PZbk9HwH4rT/0Ad74Y3CP9e0WgHKqzmcmBwRFX5UY7HKW3ZTAftpm1vb8mmuma3N25buyk1wudzBRwMbWc+7cC8j1z0T3korW6bLR4P/NxHeZB6Jn3ZBY7K5L0df28n4oEXJFsKKNzs2uvBqVwKrlCj+ldYpBYPopm+iLdzmLoI1eyPhZJ7rGjlKxv5Rp0PXzuw/Iv8SfeiY1CXeSClDopyecmP+ENu4OtImd3gcBXhBdS/6i7Hoym2uARkLsHyxRez+fL7V+573S8rLWr2qtGrCiwVbvLpS7duyIj9ZVXpv1FjXUwbTNXTX3JMGETjjAbRk1mDfnioofjeru3tbGvUJ7clddZk15UAj8fxFoaRzPeop6uHev+UPTXota3V2ve14yVesVejSYM5mFQ6d/42EZf+Q5n9wl365w2S+KPm0hUZXno1DiD1xuIe0khSCuD4vJjOmQNzo15Sl+eQvPjqk7SSevnFZSutrGoUWI6PT6ECqQtShZQTsKTAOe5S4nweaMQOP6oWXEIH4EGJVZgkvOeiwNmnlO9/sXjy9D9XvHj//1WkVxVYEGvlH7ly64oM7n+mxviHapEvZqUOMrzxIiN70OpYd19SZe/AWjt7dri1Ywdb236OX+/g0LoaQXX99XnWgauQUnNIq2iskERMP3CMWWgM8Z4AmkgrsZT5p/RtGl8uI2a6HeM9O0A2JfiMowHmKGCmP4HMG8obLM55OM1qCN4RDFBJSlE+wig/XlZlhxte9cLeYrVFtlyzxplztiBVWJDE4vV8n9ZwUAXdDUDpNcd06iGlFFgOGh39DuowPB1IASrBTI5By3g0/IT48sHqcPhrSqtJ0FebXnVgQRmB66mrm1czw8G/UK/9r8X8z7K8tnPYtKZsH565NeXaB7KDJKU6bOghwI26aqCOJFibd/SGahwlhs6EXRwZxQhgDjSf0BS4sB3EbNaAdQctSYamKjWxkqQVDcZaLBbsxcPa6MfOa2d6MDyaJKXw00+49J5LsDDi+SCl7xLTlT3FyFRqjyiUMYqJGpQKVDifMPVN1QrWuP+CLZ4/Z4VyxSdk+VC5ajEFCmv+vLZzYErJ/YC+isERgEHk44577rgftqoiuc3FcZbe5MOK+4HecPhb2fVXXgn6ldLXBFgQkuvhd/6pG9a1D/X73f+y2+3+oW/eod6L+mMKgbVMPOSNjTOi1/PalW/aj7HsTFcRxS1nqJgTs8zBRH+JQbYCANOl4gDGgcCGlgn7yte+J8wHGyGvFB8QqCHd5tI97/kJ72kDwMblFF9+D2mEPSUwqYxDZu8dtNwjzTS8wskTCcHX7Hmho3LyhJ146GGr1JdUCNVB0taXRLu0omMonhxlSykFA+lFneP+/FyX+yf5ITEhHyQlhfHntgpPvXX9r5Xx/7mxsvLhkydPfk0kVUpfM2BBqvT44e/+7q12a/ybo37/7wz7g/+fevqIFwM6rbZGb1KHOvp7f+LJUEcey3CEL8HkMLoheikz494d/Vb0XIx4AMc1ags71HusgvpUAXNOLomQUqQk8vNw3ihygM+vkyN/Tt4mUm/yd1DJ+VIggIOu9mM4F4ouaVUG7C9J4FFtwRqve8gap86qIzDcF7DyDEKk3lVQCeKIpnyUCjnCOz+S74wASbjU3+svl64f87InRz/36Rb1OJv8snruTzUuXvyk4n/JC/a+UvqaAgtSJSbf8QM/cFBtDf/n0aD7071O738Y9PoHqBIe+orLkjhisvjE2y0sxIvJiZg5drkBgOjhPqMcNgk2Fz0R9nLkHt9/9lEitQJgOsBsDOqYFYfZNBZ3PJCfx6gpRqY+USuHJEttKgcUqi81zgUsfxEVNXeHoyGVho5I4o7ya1x4wBZYGlOp+ZCfV8V8pagAMR0xJ2BJAZMeUyDheKQUZQ4JBgEevw9AKSdlk+NjUrhhv785Go/+3qTf/z82zp59PvOOd7DM+GtOX3NgpcTjn+uj0h9J1f2sWP+PxNQrLPPF1kCdsAMyqyJ9Zos5KSSQg4oeKZvKXahBHL1UPzoPYLJnVX2h7kcIYJDeQOmSds/3ZuCxTzRKNEw0Tko0JUCKRp01sBvpAo2r1eS+gw6na3dIvCQWs/CstmirXlkZ6sv3P2jlxqqG9yUHPy/I8uEml1zeC4I4VepJ/pH3jNJyh3/qIHjBlkkQNh3mBm9Qj4eDp8bDyf+lv7n98wLVluJTxK8LJRM9Xx/60Ic+NPln/+Nvbr/0qc88M8mNdqQCTw96g9NIAYxP5le8SJJGYB5JIgglzAcEYqQzF4tBf6gglxKxhqpQzFmnLfWqQQGzQ0X1YhbfFXhQSzwaR43JaJI0ol1IDxc5cB7NxZXn6L8qShxd5OlfkT2k2srPdJ+w+ANClix35Vd7+GFbOvegVcoNH2gUy3QCHrcUYx1YAixfTyXjaLrKgwKJomy4BIBk6ZJLpyoLoHJbzePj53oYsP+2zIIP3j48/PUH3/Qm/1rE15OS0n79SEyavPfHf/xGuTX+lU63+9Pd/vB3JFikEwGViiMGxVdIQ8SzyC6fF7zgpTcmiejULXHdF5iyvotxzuqNJX+polCqagDQl/qi1woMA2yQnPG6H+o2fa3LibRoCF27nYK61C2ukVSu7pRv2C1JODWex1Zjs/kb5cBW4mUNVoDSuMQdF0u2sHpCYKrSPXxxIW/2+Oy38gWS/PrHnfBw9OLIX3epr/wBDef4cdvDiiI4oA7gO79yuZ7K8/czg+H/7sT5+3+PdxU88NeZooTfQPpX//AfPiyD/K/ms8X/lUZK9wtfWX/pYACIguESOt6wNLr4KyZGsVm6wlLgbrvp9kxNjZbTmP2FLzxlV597xorDri1paL9UX/Tv5yBdioX4rg6NjDb1rqU0eSTkAwARyXsO+kGCsDRnxinAoIZ0kMezNt778bd/WKQq0I7YgrLVseLZ++zk27/dyksnrSy7qlQt+06AfPGCvABDgCWVSnKkTiVF0ycHIr+nCNiaEPFYJVESeFmTJWIx2qcn48k/Xrxx459+vWype9Gs5N8gevy3fmvn3/8zf+aPCuXK8+JdWQw7Jeb4JszMJ8WbLYy86L30WmwIn04XThjSY+ZzGZKFr0ksqfH4YMD+wa4DrVqT2pHUQ22OZPugFtNNPIaJIc65NyjqNTln7ittaBo2pbgfIAdcHg+AeJlG1uu0bCgbavGB18ULqKWqFWVfSULb5ta2HewfeBx2dsbmArxpZ0nBNT2f80+BD1FuQC1Q9TRw2ZV6/CWV9xcWT5/+rczZs+jDbyjNuPUNJjE683v/7PH7u4P2D4lBPyg+vnU0GS3LDsumdo2XFgkhqRCCgxUQYrj8O2pM3vNb4FMl9YodbN2yl575jB3evm6NYtYWSiUBJeOjw7Ias1qrqFEFLqkipa6kSIfG02BBoIvFdigwssU/GtlBNKUII7iqXCNflUEZ+LxdYfWUnXzLO6169rxVq4s+n7Vxe8N2dnZ9d+bF5UX/nHBjsWFLy8u+vztEXf3huvJBKoU9mIIrRsRcdzod9YfRzVqt9tFiufyh7U7nd7+c9/6+1vSaAVZKv//44wvN9uAxGeTfP54M3ytJ9AY13wpAcukl24V2pMkZfvvLEOrJPPw9aEoSyJ/Gqkv1dfZ3bOvKi9a6fdMmfV6UYEa/71+GX6hW1MC8yRxTFjz2YVoBogHZytvnzPw6bdiUXQEowOfqTEdZWEpkZPuHLWvp9OQjb7L1N7zFyisnFC5vO5u37db2bVddi/UGiUlSxjaSjYbAtbJii0uL/mIsrQKoADHA4kje1BlgqbyX2+3255TN41KrHzt1//1XdD8K/xqh1xywUvror/7qctcKbxxN+t8jFfC9asTH5L3ij0kGAhhTExhfIkZ99HC+GsEaLL7WxYeVKqWiANW2zt6WNbc37HDzuh1sb9uw07WyhudsKcRnT9iYA93hNpxLRzWoGtBfciUDB04cQZKDyoGHlyDlQ/2JRoJt2+/0rHrynF14y9utce5+s2LFmntN29netElhYosaYBQENCSnT1EkdeAta5deq6uywxqqE9MwRzVaZjy5JGB9Th3g19rd7ic/+fnPP8cTjuT2a4pes8CCeGHju97yluXcePxoIZv9E6VS5Xskod7SHwzWpAp8a5+hRn+SGwIB6qFth3ssmZGxxgcBalVJCJ4nymvQsX5zR8ASyHZ2bCQbLDsYSH0BJGbSkxl1GlySEXAx8IRDwEqXQf4YKT7UVJTLK/1YBjzxF1uHuaKdfN3r7dSDj1ihsWytrlTjNsvTJlZr1IxXzvhKBiB2Uan0XTq5Qs7IsK/Y6voJW1tfE9ikvvWnUezzCvpkbjz5Tem/z+wMBi9+o0Z7Xyq9poGV0uOPP55rTCaLK/WVC6Vy7l390eh7RoPRdwgNZ3hxtNdtq3EGvpiON5XZD5TJV/Za5xs8TB4ypHdjjCXJzJv1uzaW+hzKoB4JdCy14VkmM+xjnmdKWviqTDUswA1WCWICEd9GxAEqAMaggjBDfgWs+upJW1hdt56iH7CTn0DFBwVcCgEid6SJigNzMVjwPOVB2ZeWlmzt1KlPazDyhKTab3X6oy+Mb9y48cB73vOasaNejr4pgJUSEuxH/9SfqspYWulb7m2Tyej7xqPRd/a6ndf3u+0q+3byGjx7LGBsI1l8Mw81FDP3vl036g3TyVWQGlcNyWU8tEV6CHhIMZdkanDEFvdcosT0Q0BMMgYw8BySUSWg0DUTn3xbcaK8+WABM+EOKkkqB04CrGA86VIEJGKAS3/bSucTAtfHVk6d+a0zZ85snHzwwR2F+YZOH3y59E0FrHl6+umniwfXri1Uy+UL/U7n3Z3Dwz/RbjXf3Wm3zw5GQ1myqhq9Xw0KsDDE+fNXwKQ2kTEuLnDOBobyHANEhIACdjPAxZom2UZMgEp9jqRGS0gthWf3vRJLYkpVa0qSIp0qAhX5pxLJ7SbFd4B63qKJ4DcZf0q5/YHS+TeD4eRT/V5v/4f+yl9pKkwU5JuMkpp985IaLPuRj3ykONzcLAlgD3fbh98tw/5d6vXfMclkz0hq5VBBzBdhdHuV1VQ0qj97BDhqO+ZAnRtIDV3HWJFrJFTMVfHoyF/vQp0KHMyFsT8EkhE1zGx7QQMGbLXhQKAqx4efUlClIz3PKjPpC7+f0fUfaqTwB/1u/6Pl0v5hfbfQe8df+2vfVNLpbvRND6x5QlX+uTNnci82m/ncQuHCaDD5NlXx26RW3q5h/hszmfwi6spBIpfWHggxbeCyyfEUjc8RACEz/OEuoNIFUpCNbcuSTthwvF3dbGkwIPVLeLbd5h7AYrXFkEEB8YfDi5ls/tPy4qNGn8z3ep86XF5uVz7+8dF7PvCBoWf5x4T+WAHrGGUEtMwb3/jGTPfy5fLq6uqDklJvzmUybxoxdZHJPCpVdp8AVsaO5rX4qTTB6YdrXynAqlFJGySTv3ZfqUoCMiBgmY6k1WDkCxZjRQGfZclZbaG6lS0Unh+MRp/XKPZZ2XBPDbPZz6xeuLD70ksvjX/0R39Udvo3p5r7UuiPM7DuRtGSAsxv/tIvVTKFwtlJNvuAwHZhOJqck6lzRmA6JVStye5ZloRalO1TldFfLhWLhWqlMpak6otp7U632xz2h3sC0Y7cLam/DQHsutTt1YVy9WKtkn/p7d3urgWAPFd+/pdBZv9/osEedtcyi/UAAAAASUVORK5CYII=','admin',1,'2019-12-28 18:58:35','2023-03-01 12:05:16'),(33,'support','support@company.com','$2y$10$FlriGmoMyGPm1E6qpvwjFePyESQeRhVH9yyWDELsVPiTp4e9JiWr.','data:image/png;base64,/9j/4QAYRXhpZgAASUkqAAgAAAAAAAAAAAAAAP/sABFEdWNreQABAAQAAAAeAAD/4QMdaHR0cDovL25zLmFkb2JlLmNvbS94YXAvMS4wLwA8P3hwYWNrZXQgYmVnaW49Iu+7vyIgaWQ9Ilc1TTBNcENlaGlIenJlU3pOVGN6a2M5ZCI/PiA8eDp4bXBtZXRhIHhtbG5zOng9ImFkb2JlOm5zOm1ldGEvIiB4OnhtcHRrPSJBZG9iZSBYTVAgQ29yZSA1LjUtYzAyMSA3OS4xNTU3NzIsIDIwMTQvMDEvMTMtMTk6NDQ6MDAgICAgICAgICI+IDxyZGY6UkRGIHhtbG5zOnJkZj0iaHR0cDovL3d3dy53My5vcmcvMTk5OS8wMi8yMi1yZGYtc3ludGF4LW5zIyI+IDxyZGY6RGVzY3JpcHRpb24gcmRmOmFib3V0PSIiIHhtbG5zOnhtcE1NPSJodHRwOi8vbnMuYWRvYmUuY29tL3hhcC8xLjAvbW0vIiB4bWxuczpzdFJlZj0iaHR0cDovL25zLmFkb2JlLmNvbS94YXAvMS4wL3NUeXBlL1Jlc291cmNlUmVmIyIgeG1sbnM6eG1wPSJodHRwOi8vbnMuYWRvYmUuY29tL3hhcC8xLjAvIiB4bXBNTTpEb2N1bWVudElEPSJ4bXAuZGlkOkQzNTQxOEJCOURFNTExRUNBNTU0QTQ3QzNBM0JGRUZFIiB4bXBNTTpJbnN0YW5jZUlEPSJ4bXAuaWlkOkQzNTQxOEJBOURFNTExRUNBNTU0QTQ3QzNBM0JGRUZFIiB4bXA6Q3JlYXRvclRvb2w9IkFkb2JlIFBob3Rvc2hvcCBDQyAyMDE0IFdpbmRvd3MiPiA8eG1wTU06RGVyaXZlZEZyb20gc3RSZWY6aW5zdGFuY2VJRD0iQjg0NzA4ODFCN0NBMUI1MTM3M0VFNkRENDEyMEUzMTAiIHN0UmVmOmRvY3VtZW50SUQ9IkI4NDcwODgxQjdDQTFCNTEzNzNFRTZERDQxMjBFMzEwIi8+IDwvcmRmOkRlc2NyaXB0aW9uPiA8L3JkZjpSREY+IDwveDp4bXBtZXRhPiA8P3hwYWNrZXQgZW5kPSJyIj8+/+4ADkFkb2JlAGTAAAAAAf/bAIQAEAsLCwwLEAwMEBcPDQ8XGxQQEBQbHxcXFxcXHx4XGhoaGhceHiMlJyUjHi8vMzMvL0BAQEBAQEBAQEBAQEBAQAERDw8RExEVEhIVFBEUERQaFBYWFBomGhocGhomMCMeHh4eIzArLicnJy4rNTUwMDU1QEA/QEBAQEBAQEBAQEBA/8AAEQgDIAMgAwEiAAIRAQMRAf/EAJ4AAAIDAQEBAAAAAAAAAAAAAAECAAMEBQYHAQEBAQEBAQAAAAAAAAAAAAAAAQIDBAUQAAIBAgQEBAMHAgUDAwIHAAABAhEDITESBEFREwVhcSIygZEUobFCUiMzBsEV0WJykkPhgjTwsiSiU/HCY3NEJQcRAQEAAgEEAgEDBQACAwAAAAABEQIxIUESA1ETYXEiBIGRMkJSobFiMxT/2gAMAwEAAhEDEQA/AKaBoEhybShAkCpQNCEAgSEAgSERBZanK3NTi6NOqZ6zte9juLKTfqXD+h5FGzt+7ltrydaReYzi5LMx7F4o8f8AyTtP0976uyqWrj9SX4Z/4M9ZYuxu21JcRd1t7e5sTs3FWM1Ro6WeU6MTpXzyEixD7/Z3NjuZWZ5J+l81wZVFnN0WIIEEIIQBAJCEAgSBAFCBIBCBIACBoQAECSgAoSgSAAgSBQIEgACQgEIQgAIEgAIEgAIEgAIGhKAKJIsoLJAYNzHVU509tjU69y25PBFE9vNcCs1XtbdKG6KKrNuhoSJWkSJQNA0IFJQJAASgQAAgSAKQJAFIEgCkCQoUFBgAAA1AALQlAgAFADAAUA1AUCFoAYACgaGBQBaAoNQDKFaEaLGhJ4JgZNxLSszPbn61J8ybiTc6Fa5IuEe77b/LLdraRtOFZxVEq0Ry9/3W/u70rsp1lLBNZRXKJxdtZecjUYmuOmbZ8LCtiMdis0EYGMxWArFYzAyoRisditAekIEhAAkCAAkCBCECBCECBEFECgrudl39P0ZvyO8nVVPEWrkrc1KLo0eq7ZvI7i0lX1IulxcM7Tuz997Yt7t3OC/Wt4x8eaPGUcJOMsGj6S1VUPKfyLtXTm91aXpl70uD5l2nc1vZxkxkVQZYjDZkECGCIGhEECECQCECQAECQCEIQCEIEAECQAECQAUJQJABQlAkCgQJABQgSAAgSAAlAkAFCUCQAUA0PQiVWiDvdj7bY+mV65BSnPKqrRHRvdu2l2DjK3Hzog9vh09pajyijRJ0i2dZP2ueerxW/wBpHb33COWJmob+5PXuZMxtHGOpKEoNQlChKEoNQFAgAGoCgAIGgAAAYAAAMAAAGAUAASAKQIAAAYAC0IEgCgGAAoBiUASgB6AaCFoCgzAAjQGqodgYGG9tdTqgWdppdWbWgULlCpJKiIwgClYrGYGArFaHYrARgGaBQIRissaK5Io9KQlA0AASBAASEAhAkIISgSASgSEAJs7fu5be6nX0vMxhToSxXtbF2N22pLiTcWYX7Urc1VSVGji9n31P0pvyO6nVVOmtzOrFmHg+5bGey3MoNel4xfgURZ7LvPbo7zbtpfqRxizxUlK1cdueDToYsxWpcrkMiuLqOiKYZCoZAQJBXIojkL6mFKrLoRQwmVC1DJs06Ik0QYwZZ6hqi124oHSTyGFyQJHBomloCEBVkqQEhKkAhAkoACBIACBIACBIAAUGJQKBA0JQAUDQNA0IFSLbMNV2MebQqRq7fb17u2vEF4eptLTbiuSF3D02ZPwY6yRn389O3l4nXbprXOcvK7l6rsn4lDRbcxk2Vs4x1LQFBmAoUAwAgAGAAADAAAAkAUgSFQpAgAABgAAASAAAQBQAMAAAGAApAkAUAwAFYBgMIUDCABQDAAUDGYGUIwMZgYCMDGYGAjAMxWEJJ8iqTZc0VuNSj0wSBCAEhAIQJAIQgQqEIQCBIQggSEAstTlbmpLNHpe276N6CjJ+o8wi2xfnZmpRdKDi5K9k6NHjv5PtIWr6vQw1Zo6T/kKhbxWJ5ruvdrm8vY+1ZFu2cYiToFlNovUWU7V1SNdERoiQR6CyVEDKuUitzQLkqGeU2VGlXR43qGHW0W225FRrd9gV51Db27ZfHbIDO7sx4XmkaPp4gW3isgKldTGlcjTAL26VaFFy1KKAsTiTB5GXW4ujLIzZMGV+gGlgjcLoNMYXKnFE1GhwTElaJgyr1IKaBK20BJoinIRBABAkAFCUCQABIQCBoQJBEdHs0NW6T/KmznnY7FD1znyoizmF4dswd3np27XM3nJ73OkFE37P8axry4EsxGOxWco6lYGMKVAAMAAACQBSBAAADAAAAkKgACQBSBIApAgAABgAAAwAFYBiUAUAwAoACAIAGFgYCsAWwVAAA1AAGKxmBlCsDCABWKx2KwFYrGYGAjFY7FZUekIQgRAkIBCECBCEIASEIBAkIFQgSAQIAkFd2GpGGez1SqdIGlFFFizoRoUSJIKZAUhLiwHqB4hGG7FmaSOjOFTPOyUY2mX7eVGR2W2MrdMijoWbqpQvU0c6Cki3XJAbdSDVGF3ZrEnWm8gNrkim9ONDN1ZsD1vMCq5i8AxqOrbY8bT5ABF9uoI2WWxikgHWQGyNiNktEbqLQYBlUoQIAqECQAUIEgAIEhBAkCBDv9jhTbyl+aX3HBPS9rho2VvxVfma0/yTbhsOF3udbijyO6eb7tPVuWuRfbxE05c9isZis5tlYBmKUAAwCgACQIAAgCgQIAAAYAQABIAABIAABIApAkAUgQAAA1AAAASAKBhYsnQBZSSM93cRiS/cojl7icmy4TLfHdKToWxlU5O3cnM61uL0oWKYIaAoQBgCBlCgGAArAxmKArAxmKwFYrHYrA9DqQaoqoyVZcphbUNSrUw6hlMLKkE1E1AWEE1B1AOQWpKgMEWpKgMQFQ1AIRQgEhCEEIEgEIQgAoBwTGCBX0kDpKpaEoTpqgVbXEYKGQrsoK28RkxlIZFf065DKwixSDqKEVmKDoSC5CNjIOCFbIQyASgSBQoQJKAAlA0Ik3kQAlAuizwJWCVa0XMl2kamtAlCK5bb0qSb8K0+ZbZUJyovU1wWK+aJ56/J41VQlDZKwvyNS5R9QjtwljGsWs1Sj/2sz9mrX11mCWO0njB18BdL4Y81x+Rrynyz434A9bt4aLEI8opfYeWswcr9q28HKUV9p61Kh09fNrGwSwTPK76ercTfienvy02py5Jnk7sm5yb4sns5kXTurYoWAy0DAFgZUAhGCoEAGpAAAJAAAJAFIEgCgGAAABIAABIAABIAABIAADAAAGEDASRRckXTfBHS7T2K5vJq5dVLZYV5u6pvhgUOy5PI+lXv47seg4qKqlmeS33b47e84xyLeiTq5VjaqONDWo0VB1FIlCKShBmhQFAMwMBWBjMVhCsAzFYAYrGYrClYrHYrKOwtxB8R1cgzzEd/cRdDuTWbLhnL0WqLJgcSHc/Euj3JcyYMuqQ58d/F8Sxb2L4jC5bKhqZVuoviMtxF8SDTqDqM6vR5jK4gL1INSpSQVIZMLUwplaYajJhZUJWmHUUwsCVqQ2oBgi6g1CCQFQgEgAkECAJQSEIASECBCECACBIACBIAKEoElCAUJggTuKKfF8jBub8mn1HptrOj/qY23kb10taLm/29uuLlJcEVS7pFR1qGlLJvF/JHKnvFRO3hVtQwxY8LW4uSok5J0bapSvmZubzcNyScOhPf35V0xo+DWKF2/wBZclquRweaSbf9C239PG3FX1qdvJvHS/BoP9x26q4Xox05twlp+axOd/EbP9JKUaTsSnHgrmrR/tg0vmP0O424aNsrW3h+WMdH24jbfd2LzWm7Zm64qE2mvhNGq71dKlCVYrNVpX41aMW2ctcs1l7mL/UuRlzjbx+bLf7hBemSxjzeRh3O/tRqrlLHD9aGuDf/AO5FNGd72La6llShwubW5g/HRKq+0eNvYzI6lzuVhxzrXPGP9TKu47Oc0pzo1+ZNP4SxRT1NtctucIPdRXuhJ0uLzhLH5My3bXZb8G4XHt7v5HOuPka1mP8ApNsX4eg2e92dvcWpXLvoTTUtOL/p8Uemhfs3IdSE1KH5livifL4yntnp1dWw/Jr7Ddb3t2xGN+3clHlci2n8TtptdPzK5baTbrw933K4o7Kck80kn5nmG3lLgYV3m6pJTuussdTrR140NP1iqlcSSeVxKsWNt83NmCaYnOTNrgLUk5Qb1Qx+4qdzia1uWdphbgSqM/VrkSsmawzle3FC1iyqkmDTIuEydtCudBJKaKJylFVYwuWnqIZXEYFdfEeN1kwZbdSJUzxuVLo4jBkxAUYKtBcmATUQgABgFAAMAAECAgBAkAUlAkAViSfAeT4HT7R2ee5mrlxUggB2fs091NXLipBHrrNm3YtqEFRIlmzCxbUIKiRh7l3GFiDSfqN9NZ15Z62l7p3KFiDjF4nkdzeleuOcuJbutxO/NykzMzn1tzWpMK2hWOxWaCsVjMDAVgGYrAUDGYGEKxWMwMBWKxmKwpWBjMVlFc+1SWSKJ9uuR4HrpbeBRc28HwOmHLLyUtrcjwE0XI8z009nF8CuXbovgTC5ec6lyIy3U0b99tFbTaRy2sSYVojvZItjvnzMNCUGB047/wAS6HcPE4uIU5DC5d+G/XMujvoviecVya4jrcTXEmDL00d3F8SyO4g+J5mO7mi2O+kuIwZelV6L4jK4jz0O4PmXw7j4kwuXcUkHUciHcVzLo7+L4jBl0kw1MMd5B8S2O5g+JBqqHUZ1ei+IyuIC7UHWU60HUgLtSGTKFIZSBhcmMmUqQymDC0JUpjKZUOERSQyYBIQhRCBIQQErsLcXKWSEu34Wk64tcEcrdbqd28lF+lrJfcjG23ZvXW8r57mxrc4qVfHAw39zG5LQnnnF8fkJeUtU4rFrB1+42bXaQs1v3FW485P8Phic8SdXXPYu32dhPVfjJyll6vuUckbFudpto6IPRHJNSriYd3elofRg3X8TrFP54nJvSuxjpvShDV7fVqr4NcUXwt5S7Ydy5esXPVO44+b9PzjkVS2++UXPZyjeWbtXIptrwaOG7272tZba5LThWPujTk1Kpr2Xc5zj6UrN+GNUsH/24NfAvhZOieU7ruvYvtw3Fh2r0c7TVcvxQeYbdydhatru3BcYSk1H5+qPzNS3tvdxSvWou9DFOKaT8vxRf2Gd27Mm5WpOXO3JeqPyzRJ8WY/8xr9Oq1vdXY6rsU08OpBpp/G3/gc/cbe5Zut2/wBKfHSqavOKwZpubWVuKube502+fsfh/l88ip71L9HfWax/PHC5F81Lj8RJjj+yXryr2+/VVC7Pp3V7Lq9ST8Vy8B7/AE963C+lZ3SVY3YZS8fFGLd7fS9UJdS1L2XUqV8JLgyWbkr1pWm6Xrbrbk/uNYnMZzeKqc9xs7ztzwl+KP4ZLmdDZ7lSUrUsYT4eYJL+4bZ7eapuLVXZbzT/ABW/JmHbuULlHg48C8z8xOL+HQtycuptJOs4P9Jvj4fEu2O7b/Tdf8qeOWcTBuZyjdheWDapXxixtzLo7tXLbopqN2Pg3n9pPHP9Vzj+jt9RxanbeEs1waLFLV6a54rzMEdxFuPDXj4VL43aui815ox1jVxWiFK4mqEY0M2ltpoZuSwO8uY42YrTSIHpM+uQuuQRdLQZb+lrAaTkVyjJgZJLEaNS3otjxsFC206mu2JC1QtjGhA+AkkMAZUmkKGoAioAIAAQIAAQJKAAhKEAArfIZs6fae0z3M1cuKkEQDtPaJ7mauXFSCPV2bMLMFCCokSzZhZgoQVEjJ3Dfw28Gk/Ub6azLHW0O49wht4NJ+o8putzO/Nykxt1up35uUmZmzn1tzW5MFbEYzFZQrFGYGUKwMLAwFYGFgAVgYzFYCsAzFYQrAxmKwFYrHYrKPSTmVOrCk2y2Fs6uSuNuo7tpRLYxSDNelged7sqRZ5+WZ6Lu+TPPSzM1qFIEAUB4xcnRCm3t1lXLgFcdnckqpAltbi4Hq9tsIuGQ8+2wfAuEy8a7E1wFduXI9bPtUH+Eon2iPImKZeZ0SRPUj0Euz8kUz7TJZIYXLjKc0Mr80dGXa5rgUy7fNcCYGeO7muJbHfSXEWWzmuBW9tNcBgbI9wfMuh3HxOW7MkDRNDBl249xXMujv4viee1TQVemiYXL0sd5F8S6G5i+J5iO6muJbDfTXEYMvURuxfEdSTPOQ7jJGiHc+bJgy7qaGSORDuceZoh3CD4jC5dDENWZY72D4lsdxBjAu1MKmVq5B8Rk4viTqixXAuapWtPEroZN3uXGatR4Yv4E22sjWuuaz7ncpXJOmDdE3wOftrzhuulOScuHB/Im+uSlFU4PF+fEyW7d27uEqtyWKl4IzNenVu34ddy6MVWKlclJvHKpc3unaU7nTU37XKuCMTuu/oTVGsW18h7j38U+lNxSzkkvvlUniuUla3DknPXef5opN/7ZYNFM9ttZqSnbe2m+UZRg/GlGkUvuu8t3G7s43rfCFEn51aHj3Hf3VVWJWrbynNvS/mk/kaxtEzEpGEXB2uraeGqMlX4Mzq1DXWzOVMqTVJLzLJXtx/y24uL/FXD7cS20oyklJV8VVr4DqdFXRvyacE9XPKhqt7e/L9xVk8G+f8A1OjstoptRUVq58jrw2EIpVVX4oza3NXmYLd2nnrg6rTLFOuadSu9turFacksIv8AD/lPUXNhCWS+BlvdtjVyjg6U+XEnl/RfF5KMbliTg03alhKAZbej6lt4rH/Uju7jt6ue+PqX4lhUyrYySdF6l+Hn5GvJm6Vz3JucbscHJJunNcSq/FfVSklSM/V8eJtu2I6E7ap+aPJme9Zc6SWaTTLKliu/jYg6VWulfEv7jZXR291fhWmfxxQrt/oQg8HqTfgX7uVdpbww1/8ArEfH6p8/oplLTC3wwqjTbk1bi+Kr9pXftulhNYKNKFsIYRh8yVY6+3q4xbzaLumniVWFRRVTQXWsbzqTppgdpFgDeWFTtIHSRaACrpoOhFgCKWhAsAEAEAEAEAAIQgAIEAEIQgAA2Rs6fau1T3M1cuKkEAO1dpnuZq5cVII9VZswswUIKiRLNmFmChBUSM++30NvB44mumszWetDf7+G3g8fUeV3e6nfm23gNvN3O/NtvAyNmLm3NbkwDYjYWxHICMDJVAZQGBhYAAxWMxQAxRmBlQrFHYrAVgYwrIFYBmBgI0BjMDKPSxgixIiQyOriiQJr0saos/awPO94yZ56WZ6DvOTPPSzM1vUAgIFQ6nZ1+ocs6vZl+oEr121XoRfRFW29iLjTJdKJ048hggVOzHkK9vF8C8IGV7SD4FctjB8DcQDlz7bB8CmfaoPgdmiFaQwZcCfaY8jNc7TTJHpZKJTOEWTC5eVvdvlHgYLtpwZ63c2FR4Hn99BRkSxZXNoXbew7jwK2sTqdpgpPEKMO1ylGos+13VkensWI6Mix7WD4Fwzl4+Wyvx4CdPcQ4M9hLZQfAql26D4DBl5VXr8OY8d9djmegn2uD4Ge52eD/CTxXLmw7pNZl8O7c2Pc7NyVDNPtFxZEwuW+33aNVVkuSi3O9mpx9PxOTLt+4jwqdSNpytWoPB/iXgjG8b0vKq4oXIRjTF4yXKhLFlW7jbVGlT4vJIujBO48PTRuXlwDccY5YSfqfF1eRltQk7d9JJYNeNaZth3l27dasRlosxxutfjf5fIvUI2otumprF548henqpNr0rJLi+LA58FC1cbsQUr2SuUql5agS69y4oKUrt1+5t1f+COhO23DRbStQ/FNvH5i24bSzFqL1c2q4/HAZMMtnZS6mmFJ3V+5P8MfA2WbC1UT1PjInUV2lq00raxcYLTFeMpPM07VRk1+VfaZtrUkdjte3UaumPM6vTKNjCkFX3M2aEScLeWecOC+YnRT8eZqcEiaV8TNajFLaJqtMTLPt9cXGvijsUA0miLl53cdri03FUOXc7e7c3XLM9jO0m+Rnv7SFyLVMfAmbF6V4q9blqSa8xdxH0WrUcdDw8fE9Dv+1afXbWHE5q7fdld0Jergbm87s3S9mbRqacskqI1bWxKU9VHRZYGm323pNdXDxNEVCKpHIs/cxtfEIQ0+fEcFeTJU6SYcbcoQgDSIQgAIQgCCACAoABgBQAEgAAEgAIEhAosnQsoVprqx1ZVA6Xae1z3U1cmqQR6qzZhZgoQVEijt0rP00enRKgm+7ja20Hj6jUxJlm9T77e29tbbbxPKb3fSvzbbwKu4dynuJtt4HOlfbZnrbmtTo0yuorleRRqbJpbGBZK6hHcwBpFcS4DdQnVRnm6MRTbGDLYriDrRlUmPFsYMr6ohXiSrAdikTZAABhYGArAwgADFYzFYCsAzFbQHuXs1yEezOo4oDgjvhxcp7VorubaelnXdtFdy0tLGB4fvdmUU6nm5rE9r/Iba6bPG3VSRzvLWqogSEaA6/ZV6zk0O52Gy5yLOUr1G39iLRrO3ehDuxI2wqChulJE0SAAQUaFbaIHqBtFbmK5NhTuYjkCjYyiAtGwqBYojJAYt1D0s8x3JUmz1m6XpZ5Xua9bJVjlvM6/Zlich5na7KiRa9PYXpRdQrsL0ltDTIUJQNCUCF0oGiI9CUCq3ai+Aj20HwL6EoBleytvgcudFfu4YQdEd84d5RjuL0l+Zs5+zs6eu8s81W4rWWpVn4RQXGEbkrr9kcf8AovMzq45ylJOkrrpH4GmMIRVZOqjlXjT8RzdFUdc5Oco0T9sfEinc6eumDy8kG5fg5aY5rN+fAS5uNUVHKKwVPAKSWqdIunkOrKarJ0XH/BIVVpXKuXkRp01OWFMALaRdIRSUVnXj8DobCwncUnhGOXNsw7ezJpOmHgdbaR0xrXF8f6GNm46+3klHxNcXU523lJ5ZZG6GCoJSxYCpGAlWCwVIxWzKjg8xaIjYKkaB24yVGsPtK57eFFpVCxyRHJfAi9WDe2W7EmsXD1I5Skz0FzS40fHD5nmncUZyh+VtfJnX03mfDj7pxfloUxlJFCuJjakdnFdVEKqh1MJhYQr1smsBwC6yagGALqJUAkFqSoBICoKgEgKkqASAJUBkyq7Go9QAaNt3Dc2IaIywM263F2625NsIslUYgw3FIpadToStplbsoDLFsbWy12SdEoqc2BybLuigq0gMji5EVlmzpomhAZlaLFboW6URoiq9JNI7FYC0IwgYCsDCBgKwBYGAGKySkkUyuOTpFVfgA0ppFWqc3pgqt8jpdv8A4/vt9JPS4wfFnru2/wAY2Wyip3UpTXFlwmXSoSgSHZyKJd9rLSq97WB5b+QexnjL/vPZfyB+hnjL/vMXlrRWQhDLSI9X/GLaaqeVR6/+Lx9FTWvKbcPV2bS0ju0h7K9KLKHRhndlCuwuRqoShBje3XISW1T4G/SDQgOa9mmL9EdTQidNDEHL+kaB9PJHVdpAdlDA5XSkgaJHUdhchXt0TA4m6i9LPKd0XrZ7zc7eOl4Hj+82FG46E2WcvOyzO52TI4040kzudjg2jM5avD01n2lotmD0j6WbYAg2lgoACBIACEbFcyBjzu61S3crKVW60SzbZ3XNmHtm3Vzu9y9NV+nTnjz4HP2cZdfVM3DZs+29s7fbit1GN3dU9cpLXpr+GKyRg7z2+EF9RtKfTvGSX4WdrYWFfm7s/U5NvE1bjZ2rilBRquPI4zyvV69prP2vD2du5JtLDLEVxUZOqq0d6Xa7kOqoLBL0ccWci5s5wk5y55vwwLLlz21wzepury5L+obalOaTwXBGmztpzbphGlapYv8AwNmz2lufqp4viqeYtSRNtJqCUIOVOSzNlixubt1OcXCCyidHY7WMYqVKeBuVuKyRnGWsxns2dCyxNEVjVkpQIEAw0JQikYGNRk0mWlTqBstcSuUf/SIsBvDHERzXOgZR5P5lM6rCj80StQZTXBnh9/vJWu4biHCNyVPmex1Yo8LvbM7m6vzo3quSafxOn8f/AC2/Ry/kf4z9V9vub4s0w7kuLOI7M1zJS4j0YebL0UN/B8S2O7g+J5lXLsR47q4uIwZemW4i+Ieqjzkd9NcS6PcHzGDLu9RE6hx49w8Sxb5PiTA6nUJrOfHeRfEtjuYviFbNYdRmjei+I6uJgXag6inUg6gi2oalWomoCypKiag6gGICoSiEIQAACQBWgUGAAKAGFIAAIGAGKwgbADFYWBhQYrC2K2AANgchJzSQBlJIqldq6RxYlvVuLytxebPXdm/jm2io3L/rlnQWydKdXn9l2be76S0xai+J6vtf8V2u2Snf9U/E6s72y2Fv8MEuB57un8qrW3t/mMz9U6u/uN/su326KipwR5fuf8nvXm4WXpjzOHud9e3EnK5JupmcydbyuH1IBbpTJoR3csKSu97TU7aKb9r0llSx4/8AkL9LPHXvez2X8ii0meOu+9nPblrThXQlAkI2iWJ7H+Lx/SR49Zns/wCML9FGteWdnrbPtLCu17Sw2wgaACBKEoQgEoQhAIQhAIQhAMu6yZ4/va/UZ7DdZM8d3v8AcZNicvNXfez0X8finBHnbnvZ6T+PL9NGJy3tw9Nbj6UNpJb9oyOjAaMCm46Gl5GTcAV9QOooWZclgQBvEHELQKjBkyjiLsLTjuN7LKsFTxqFSH2k19XejxnaVP8AtZz9s/a6+i/vjo2Fb2tmMPxUVSmfcrWpxt2ZXJJpNp0imyvdwcr8KtqFxKjRqVi1toJR9tKt+JwmbntI9W0k63rdjNRbx4nM7vsLf0zlFepOqR07X6sHcyjWkfGnEXdRrZlgm6NY5UDHfDyu2k1YnOlaJxrxWJp2DlcmopOkvDggT2zhYnai+OXF6skdHte1lDP8OHyJasjq2YKNtJcB8ARSUaEYEeQtRvPIVuKWOIUyJgZru40ZfIqW9l+JfaS4WRtYrkkc976anmqciLuNmT06kn5kXDe5IWpQrqkqp1XNBVxVzI1FkqUKpQi+JOqnLDgR3sc8jNVVdhSLaxOI+3xbbazO7duaotGXSjv/ABp02v5eb+Teus/Vx59si/wlE+0wf4TvuKFcEenDzZebn2hcDPPtUlkeqdqL4CS28XwJhcvHXthOGNDHODiz2O72sdLwPN760oTZLFlYNTQVckgNAI0tV+SLI7qS4iWrDnkix7SS4DCLYb1riWx3xgdiSEalEYHYjvlzLY7yL4nCU5LiMr0kTCu8t1F8SyN+L4nAjuZLiWR3bXEYMu+rqYymjiQ3rXEuhvvEYHX1B1HOjvY8y2O7i+IG3UHUZVuIviMr0WBoqSpT1UTqLmBdUFSrqAd1AW1A2Uu8hXeAubA2jO7wjvAaHJCuaMrvCu6wNLuIV3DPrYHJgPO9Qpe5Eu1oZW3UK2fUVEuXKozamgOZBftbzs3lc5M9JH+Tzt2VG2saZnk1PEdXCXWW5pK6m77rud1Juc3TkY3cKOoK5jAvcxXMp1gcij66tzF8SxX48zzMe6Q5lse6Q/Mdsxx6vRq7HmVbi4tLxOLHucH+IF/uMdD9Q6Ga5X8juJxaPHXfezvd23LuyZwZ+5mLy3rOhSEIRoY5nuf4xb/Qizw0c0e6/jN2K28Ua15Y2estQWlD9NFNu/GmZZ1o8zSdDdMHTJ1Y8wq4h1OhdDJoY6kg1QyYirSyaWW1QMBkwroQsoiUQyYVELdKFcUMjFusmeO73+4z2e7jgzxnfFS5IbJOXmp+9npv48v0keYl7meo/j0W7UTOvLWz0sPahkLFNRQyNsGeRj3DNrpQyX6MZXDJB4l6yK40TLk1QkphXITEuk0LgMmFeIlq70e42JN0U/Q/KWBfgczuc3G7DS6Sjin48DHs6xv1dNsvVKymunNaoZqvATcOMHFXX+lLBS/K+FSvt2+hvdpC7B+ulLi/LJZo00csGtS41OD1/k0MYxa9qVEY+43lbsONG3JpJI1xaXoSpTgcXfzv7m9OVpUt2U4RrVOv4p08CVnuKtRdxSuVosYRWNZeK5I6G1tuEavN4s5G2tzdyOiaSSxayo/9XFnZsaVhWrXEirqk1Ljh4kI5RWeICyclivUvDP5GPcbqFtNyqqcaM1Sjr9tpecvSZdxtLcvfFPwjFy+1mbWpI4m677tLbdE50eL/AA/1bKF3Xd7i31NttpXoYrUm1SiqzsSt7aDjbnDT+VuGn4ZYlc9tbTcrK0ypSsXofxpmJde64vbo8vPv9+7cdp7ZVSx9bpTxoi7ZSt7lyop2Li4V1Jlu77Xbi2oucU806NVfwLe3dvklGrrTBS5rgauMdOiSX/bq0WY7iy66m154GyO7lpo/caYbXVCklh4lc9nGCqkZufhqYCN5pVlxKL3cY22/Awdz7i9oqQh1JvCPKpx7e8uXb8FfirkbnujitPyzE0zM9i7yXHd6W13S3dklGspPChuoc3tvbo2bnXapF4wh/U6lUej06eMv5eT37+W0n/JaAoNVAbOriVoDQXIRsCjdL0s8x3Jetnpd1XSzzfcV6mStRyZcRVmNLMVZmWnY7dZU4o6q2SayMXaI1ijvwgtKNRm1yLnb4tZHK3m00VwPWTtqhxe5QWliwlebkqMiVXQe8qSJYVbiRGlsNrOSqkLLazXA9BsttGUFgaJ7GL4FwmXlHamgetHpLnboPgZ59sjyJgy4auTQy3E0dGfbWsjPPYSXAYXKqO8kuJbHfPmUT2slwKJW5RJgdKO/8SyO9T4nGbkhoTlUYV21uk+JOvXic63JtGiCbINDuMmtsVRHoUCrAxqEoAjQKDtESACRKDUJQCm4sDLJG2awM0okVQ0K0WuIjQFQUwtAoAQkSJQAEGoSgR6Lp+INHiNriRSiM1MRIxkuI03KmZNaEuXFQdTo5+84nKn7jpbuWZzJPEpEIwVJUKZHoux73pRUWzzaZ0djJoJXtrfcY0zH/uUfzHnI3HpzJrlzLms4elj3GL/EWx36/MeVVya4jK/dXEvkni9bHfrmOt+uZ5Bby8uI8e4XVxL5GK9ct8uY8d5HmeTj3K4sy2PdGsx5JivVrdR5jLcx5nl491XEtj3WPMZh1ekV+PMPViedj3SPMth3KH5i5hmupuriozxvfJJzkdu/vk4ujPN9zua9TJss5cKXuPYdgShtoUzaqeOb9TPR9k3ihajCXAzL1a2etUvQJrxMkd2pRSTHjdOmWGpywM1+WAzuoovTVGQUdWjHV4yt+oLkkBbc3NBFuzFfuFCut8TOVw6v1Rzu53XOSfClKmjZbDuG+Snt7VbbdOrJqEPg3n8B+49ovWLUFK7C9OUqTjbT9KWeMszO1mG9Jcuh/GbPT7YrjwndnKTflgjp3Nzdtr26uVBO32VZ2Vm1+WK+0tuKifgcOXplx+VL3LsWHcuNdadX5cvkc61cvSd1pU4KT+dfEpu3XutzLVVRt+2uOrEvs3eprlKvTSaSXPzIfk9h/qa6vVL2vPzb8TpWFpgksW8Wcy0mrMYQb1YJ1z5upv21xUpXDh4kVqpJ+CJhDz5sXUnkw1rmVDaq4kbYYpAaGFjJubHUxi3GXNHNvWtzFukq/wCo7UmmUXoKS8TF6OkcKW03V73ffgdHabPo20ni+PmWwtTUq8DTCDpiWVNgjEM7OpF0YpMk3Qt4ZnLw17aTu37katS1yyfj4mnY9ot7WbvXVquN4eBtu9t1bq7d6rcZTclBUVGWztqEYrgsi+rbPs1nZPdMevazk8bmAly/pCkqFN5I9rw9V9u9qLq1RksJVNsciIqkRKo0syIKzbmFYs873GGLPT36aTz/AHGOZK1q87cVGKsy2+qSZUszDT0PZ36Uehh7Uea7TOiR6KzLUkbnDFPLI43cl6Wd7pVRyO6WaRYsI8pf9zBt/wB1D7lUkxNum7ioZb7PVduktCOg2jn9vtyUE2jfpZqOdK6FbgmW6WDSwM8rKZVPbJ8DboJoBlzZbOL4GLdbKKTwO84ox7qK0sYWV5bcWdLM8VidLeLFnPXuMttdlYGu1Ey2UbrSwIp1EOkdINAiugKFlANAV0CkGgaBS0DQNBlECqUcCiUTY4lM4ma1GSUSuUTTKJVKIMM7QGixoFCoVINA0oByRBGhG+QcWPG3zKOtrHhIooy6CZtzWNlU5DtMqkmKMm64nNebOlulgzmvNkrUAhCEVEdDZZnPN+zeQR1YZD0K7bwLalQrBUkmLUCSK3JotpUWUC9kCMmx0hYxLFRGa1gVEZRQtUMpITJhNPiRJrixqoFUVOh4t6cWYd97Gb4U0mDf+xjsOK8zp9ubikcx5nU7dkiK7m3uOiNHVaM9hItmzUYuDfU40G1uSMdfUaIy9JdQk3RlM7gb0nUzObqKQLvqZ0ux9ot7xz3O6w2e3dJR/wDuTz01/KuJz4QndnG3bjquTajCK4yeR7LcbSPb+wTsW3jbhWUvzSeMn8zO16VrWZscrfd4uK5Sw42rcVpgqZLLBA7ZYV2y791uSuP0auXP4nIsWnu9zCysdWMn/lWZ6i3CMYKMVSMUkl5Hmue71YknRfBJRS5Iq3SfTwxrhRZ4lscivcqsMcuJUed1Rt3dFHFSenVnisKfA2bOSlaUcsXCq5Iw9yTtXnLS4OSbT/M+dfDiNtbs3Ka1eiSq836+OPiLOmRvt3dEbkvdN4RSyT5DQlO3Z9brdbxph5lUZerTGkUqSl5rmLcu0coyeLnRNZKL5sy06Nrcwrpqq4YLxNkVRV5nD2VyfUkkn6qzTfJ4LyOpau1jRPU+LWJYladVEI5rmJK5RVqZ724hBapySS4t0SFrWsXyur5FE93bhjJnNvdztybjbdcK14FHqvUk3izFzXSYde1vp35ONi1qSzk3RG627iX6kUvI53anC1qtSzzXijp9SLWBqRjb4kOqNVEuRwGhyEuypVlvDM5cSdYX514tg3ElG2peIN1Nx3co8HSS+JVvrqW3jHjKX3HP05+zX9XT3f8A1bfoaN6NCq7dizCr+OY+up9DMfObbNyKZrV1UOVGdCz6imARtndQivqpklebRTK6wN128mjk77FMvVxsz7v2slWPP7n3lPEt3PvZTxMNu12t0oei2jrQ852zJHodo8jerGzrW1WJzO6wXTZ07T9Jzu6fts3eEjxm9VJMHboKe4ih997mTtX/AJUfM5N3h7TZ2F00qGroLkTZr0LyNKSqdJHNle3RTO1RnScVQz3IqowMnSbFlaaN0IVQLlvAYVzpYGLdYpm/cRoc+/imZWOFvVizmpes629jmcqnrM1uNllYI32VgYbOSN9hEVckGg6jgTSVFdANFjiChFVaSULNJHEBEhkgpDJECNYFU0aGsCmaM1uM8kUyRpkimYgzyWIha0VTKhLkqIo1uo1x4ldCovjcSzLFeRkowVYwZek0FsIhaGijccwcSqSNDRVJCkc7drBnLebOtvcmcmWbJWoBCEIqG/ZrIwHT2MK0Klb7adCyjoGFtpFmjAsZZp1K1WponbYkbbqA0UySLVF0FlEvZFLdBHJlriVuBlSa2PGTbBoLLcMSh1UKQ6gOoFwg216DB3D2M6Sg1A5vcfYyXhY4rzOv2yNYo5B3O0QrFGVrsWLboNcVEaLVuiEvxojcYYKeo0R9pRT1Gm1Cdz0WoyuT/LBOT+wuoyX8zM8zuW/493PcvGEdvD8111f+yP8AidDbfxHZ25Rlubs9w009GEIOnBpYtfElrUin+Ldqa/8A7K/GmpadtF56X7rn/dw8Du7+11tlftZ6oSX2GhJJUSolkiNVTXMzeFnSx4v+P2vRK81629KXJI7rWBy+0p2bu5scbV2cfhU6vI83y9dOsqC3MYtfYEEq/IqOPvbFrTS66QVaOuKb5HI21x290tM1SNZSf4WssuB3t2lGaw99VR5V/wCp524+lecktKlX0umKfAT4Su1di56nGiU46vCpkaUYqM3X06pL8zrT7CWLkLlq1CT9LrSVXhKlMUJfrOLhFOMtGeFdUXiqfaRqL7UqRncbUYuWmHjRYm/bX4ztKccIvLgci3LrSjbuS06Vpok0yy/dhtbGqNaPCKljVvkvAlF/cu6x2sKv1XZYW7f9X4Hmr293m4uO5uJN09sOCryR0LG1vbrc9e9jR0Va8OAl/tt/a73VFtx3LStt5Qk2XXH61bLfxGXb3JttvNrFvgkdGxu5qUfSnBJp45s6r7LKco2rck46cXJcfOJnv7FWJRtzg4KHGK1V8ai38LrM8XLn3O4PVWumnt+Bs7f325KfTk9apXTL3fBnP3WxuN64ONxVdIxf3nO+j3kLquRtySWKqXpZ8JfKXjL6DY3cJxUovP4MF66uJ4XZ9z7nsb7fvUqarVytH4p5o6kv5LCcZzu7d21DCrnVSl+VLTUm0uMTqTaZzejo71xdzqNpKMcWc29dd+VVhFYRXgYLe+v7+47l1+mvogsEkdC1CqOvp9Xj+681w93u8v2z/Gf+VELNWWdNpmu1YFu26HeRwtZ2uRXKMqmhRqxnaFiZUKtCu42apW8CqdsUypttibr2MujCjKt0vQzLUed3PvZSsy7c/uMp4kadjtuSO9t5UaOD23JHd26rJGoxs69ltxMPc/YzfYj6TF3OP6bNXhI8bvvcydq/8qPmHfL1MHa//Jj5nNu8PfbN+heRoUlUy7P9teRevcdHNfVUM93MuWRTdzCGtPANzIW2nQlytCrGDc5nPvLA333iYrqwM1qONvY4M47X6h298sGcWX7hitxrsLBHRsIwWOB0tuiK0JB0jpYEoVFbiK4lrQGgK9IGiygrRFKkMkRIZIgVrAokjTJYGeZnZuKZGeZfcaRmlOrJArRXKNS5ipYlGG9GjERq3MMKmRGmTUFcRliXQtPiB6Z23yCoNcDuvYwfAH0EeR1w45cTSVzid19vjyM+42CUW0LDLy29yZyXmzsdyjobRyHmYrpAAMBkVFmdft8apHJisTvdrszlFURYzW6MXQNDQttcSyA7FxcDWGMsskyRRe7M+QFblyGFyRLASUS/Q+QsoFwM+kmlFukmgzgyocUGEcS1wDG2BEixImkNGihqeg5PcvYzrP2HJ7l7GS8LHG4nouyr0xPP0PQ9owhEi7cO/GlCncNULrELt+fSsxc58lkvGT4Ha2PabW3au3qXb6yf4Yf6V/UuWZHK7d/Hrt5q9vq27Wasr3y/1P8ACvDM9DZs2rEFbswjbgsoxVEO8gojSEIQohCEA8xKH0/fN1DJXaXF41VDop1SM/8AILXS3W23q9rfSufHGJZbmpJNZM8u0xtY9cudNb+FyAyEdAii/ahctyTjXwfPwPO9z2mpuUZUdKOLSpprX7z08ssDndxs28LlyFYP0TlxjXJsSjz1u5RRUZaVrdE8tWWl+DNumVJ3XTq2lrbb99ccHzMN63PbTlF16beLzw4SNu0nC/alFukoY25cGmqtS+JqpCTurq2b1VjjnRtVNm6gt5a6dKTtvWpeTwOZGxKWmM401Vm1yjqpTwR0dvPVc1Rf6cE1jg8Fx5LkSxZV3bVqjJNU0yemptv7dXbTg884vkzDBuxVx9KbquePM6lpqSzzVTM5b4cjb7/d9s3Fy7uJXN3ZmqaJSVbdH+FUokdPZ9z2m6sO5eULG4m2lZuSSlp/DRyopV/yi7rbqargnSlUce9t5204qKnaeUJRVyMX+aMZe1+KN5+Vvrl669K7d/tu2jYk3Gt5qrllR+Ryd/Ye3jGktU5YYr8X+CKl3HvVxr9e1btQpq6kHck0uRl7vv7jsyv3H65+m3HJRgs2vGTMWZswk89ZbtWDc72DjW7KtuL0xTwr4nF3F+d6b4QT9MQXLty6/W6+BXQ766SPPvvdnb7Uv00d2zHA4val+mjvWEkkdZw4VfajgVX0abbVCncUNJWWC9RpjCqM9v3GyNKBFM40KnFM0XKUM0p0FQrgjJu16Wa9VTLu/YzNb1ea3X7jKEX7r9xlKWJht2O25I721zRwe25I7m3dGjc4Y2dux7TD3P8AbZr28vSY+5/ts1eEjx2/9zF7X/5MfMff+5i9r/8AKic27w95sl6F5GjTiZ9m1oXkXOdJHRzXJFV1Yh6pXOeIFtuOALqwJangC7PAo595YmS8lQ0336jNdeBmrHI3ywZxJfuHc32TOJP9wxW412OB09sjm7fgdTaojTXFYBoNFYBoVlXQDRa4iOLCkaFaLNLFaClSDQKQaECTyMtx0NdzI599urMVucM96TZXCLbLdOp4jUSArkqISOZZPIWCxAF23qiYLltxlQ62FDFfaUixKSzZrizQ4qKBanFRBKSbA+n9NE6aHoSh6HBX00Zt3bSgzaZd57GQeG70qXJHDeZ3O9fuSOI8znW9eAIEhGhtqs0j23Zdqlai6Hi7H7kfM+hdnj+hDyN68sbNv06pkK9suRtSVA6UbZc97WPIV7SPI6OhE0IDmvZx5CPYxfA6uhA6aGEch9vjyFfbocjsdJE6SJhXFfbY8gf26mR2+igdFDA4j7fID2EzudFAdlDCPP3dtOEDhdx9rPYbu2tLODHsfcO6zktpBK0nSV+49NteXGXw+ZnZrV5iiSbeCWbZ7L+P9i3m5twuXYvb7d465Kk5L/JF/ezq9n/hvbu3zjuNw3vNzHGMppK3B8428cfF1PQmZGqq2+2s7a2rViChBcs2+bfEtIQogFgqBI8sAILGVdXg6BjLV5gUaSk+EsfiAxCEAy9y2i3uzuWH7mqwfKSxj9pw+233O0lPCccJLlJYM9Mea7hY+i7p1I4Wt16vDqR93zWJx92vG393f07c6/1jemRsrhKqqM2cmwkzNuISalRVTWMeZoYk0nF14YhXmu4QnCMZfgbpGawSX5TBtL3TuuE5ONfxZLDLUeg320i4Tccda9VH9tDzl+0k1L/kjg/FLKqZvW56M7THV053JTcupJKqS1LHUq6tVPAOw3Erkr2CxePjjhmcu3uo4RWFFLVXDBrh4plfbt3K3uZNPCSpLDngXx6Vny6vV3LddtKmONKvi0qiWN5OKhGWLazyr5CbPcQuR0uSUOEVwWTEk4Qc3J1nB4eT5HO9HWXLdc3sYR9TrzRhudx2zzelvh/iY95KUk5WFWNHXHL4HJfUlVSWaxEmV8rrw7j3e3cdUpYcFhijz3eb1y9dbl7H7EsklkdHt3bt5u7krVm1K7JUqlhFJ5OUnRI6Nz+C9z3TjKd+zYXGL1XH9mlHT16dcuft9lsxa8XpJpPc2/8A/OXT9XuFH/ktL/8ANItj/wD51tPxb66/KEEdsOHT5ef7XGlqJ2YOkUdfb/w7ZbeOn6i7LlhFf0L3/G9tSiv3PlH/AALOGLHHt3FQrvzTOy/45ZWW5mv+1DP+P7HRR3JOf522nXyyF2k/K+Ge7zkXRl6u0L9z2Xe2KyhpvwWOqHup4xf9DA1N5GptLxWLrZyvncwMtyTLKTYHZbFFcJNsr3XsZpjZaZn3apBmVjzW5/cZSsy3c/uMpWZG3Y7bkjt2k6o4/aY1SPRWLeCNa8Oe1arDekzdxf6bNtuFImLuKehm7wkeR3/uZVsJadxHzLd/7mUbL9+Pmcu7p2e62Eq215GqSxMXbP20dLQjpHNVFMkotsvjFEcUXCEgsBbidC+MRbiwA5l2FWZLsaI6N1YmO+sDNaji75YM4c/3Du77JnDn+4ZrcbdvwOptUcvb8Dq7XJGY1W6KwLIxqLBYF1tFZB2gdE0YUAmgM7sme7b0s6FSi9GoVkSDQbTQNCKourAwXY1Z0L2Rgm8TGzevCnTQDHYjIK5ghmGQqlQoe7PTE5tyTnLA0X7tcEV27dcSpUgpUC6l6gkTSgYfU6AoMSh3cC0Mm99jNpi33sYR4XvT/VkcU7Pen+rI4xzrprwhCEIq3bqt2PmfRO0RpZh5I+ebX96Hmj6N2lfow8jejOzqJYB0hSwCaZLpJpGoSgC6SaR6EoBXQgzQtCiEIQCAeQS6zYbanPLgiW4JMqLewt3XXcLUnlb4f9xvjGMYqMUoxWCSwSRKJOoTHLaEIQCEIQCEIQBVhKnyGFmsKrNEg28yd8KYhCFRDn952b3WzkoL9W3+pa/1R4fFHQA1h5Yk2mZYutxZZ2eZ2W51W14o1KRi39j6HuM4rC1e/Ut8sfcvmXW7iaPJ1lsvZ6+lxZ3alKuAshIzwwC5YAU3oN4r5HH32z1ukU5aq0jx+fBo7c2mZ7kdTx+DJnC4y8XvLF2E22nrj7mlRvzRk1yq5LCudD2e42ludKwjhiq1OTu+wybd3bxUVVYV91fA66+yXno57eu8xk22+uaYUVEnXVTHDOrOpC51nFydNS/ocGdjcbS7Lb3YuCrqVV9qNu13E9ChRVjjRtVouZdpmZia3F6uuoQlCSk/W16fIpjtopYyVVjF/cUvcOVNVNdaVTwX/QN3dQtzdp+pTisOK8TliuuY7/8AFXpe6tLKsJU+DiemXA8t/FLM4xluJJqN9Ug2/co8vBHqlkj0+v8AxeX2f5USEIbYBgaGFZKK5Iqmi6RTMxs3GW7Xhm8EYYdkemt28lNtukY1XzZsvyom+Rk+rnqVWcPsul6d3aeubzr2Zr/atxZTkqXILNxzX/aUQtpnXu7qChhKsmUzVu/iko3ea4+Z10/kdcbf3c9/4/TOv9nPnbRzN8qJnWuHK3+Uj0Vwjy25/cZUsy7cfuMqoc23c7OsEelsLBHnOzrBHpbCwR014c9uWqGRz+4v0M3rI5/cX6GavCR5HuHuZn2eF+Pmae4e5mba/vR8zk6dntu1y9COqpHH7Y/QjqxeB0jmuiGRXBhlIqLIiXMiRkCbwAx3czHfWDNt0yX1gZqxxd8sGcKX7h3t8sGcKX7pmukbdsq0OxtIZHJ2vA7mzSojK1rjbwLIwoNGg9UVCNC6Wi2qA2gFSYsoVHUkTUgrJchRlTNV2jMzRFUX/aznyzOjfXpZzp5mdmtVbFY7EZlVU3QouTdC64il220aiVRH1SNVuFEU6XBl9uSaFIegshxZZBX1IA2lk0s7vOUw7/2M36WYO4J6GCvB95f60jkHV7v+9I5RyrevCEIEKu2n78PNH0ftS/Sh5HznZ/8AkQ80fR+2L9KPkb0Z25dRBAgmkQhAhEIQgCsUZgABAkAkYuT8EbI+1eQlu2lDHiWGbctSYQgK+FAkVCEIBCEIBCEIBCqVYp+GJaLLCj4ZMlWGWOJARVElyCVEIQgHL77snudo7ltVu2PXDxSzXxRwNvuE0nweR6uW+2quK25ptujaxS83kcHuvZJbXq7zbzXRrrdmjqqvHQ1w40PP7dM3y1/q9Hq3xPHbp8BC5XEdXFQwbe9qWZe5nHLthdKarmLVNZlGqrGVeJAzxeOQYLXNxXDMS7dVm07kuGCXNvIt2NqWhV90vVJ+LLJmpb0Vbzt1je2XbmtMl7JrFr5nC3H8e321lOVqP1FrOqzfwR69WXrNMbGFTvrrcOO20eD2+z37olauKKeMlHJ8MzpbH+PSu3pXN5CULbwSk9Mn46VWlT0l1RtyaiqVzZXUxvcXE/q1r1mWixojO3CCooJRilkklRI6ayRyLD/Vi/E60cjr6f8AH+rl7ef6GIQh1c0FYwrJQkiiZfLIouGNuG9WDey02ZyfBHC3HcbFn9yaj4cTtdwtdfb3LOrR1Elq5YnLs9l7Q7lLtrry53ZNr5KiPLtjy65/o9fr/wAWSPeNnKSirsdXJtHR2V137qVl60vdJYxXmzZa7b2yzR29pZh4qEf6o0rRDCMVFcEkl9xLJ2yvl+GDfbW5bbuxWq28XTOL8fA4O+dU/I9b145t5HC75ttvKzPc7daHH92H4Wn+Jcmej1+7jXb9JXm39N67T9bHiNx+4yssv/uMr4nVyd/sy9KPS2MjzXZvaj0lnI6a8Oe3LSsjm9x9jOingc7uPsZq8JHk9/7mZ9p+9HzNG/8AezPtP3o+Zy7unZ7Pti9COpFHL7Z7EdSOR1jnTIWTGEkVDwYJMkSSyAz3GZb2TNNwzXsjNWOPvl6WcCf7p6De+1nAufusxXSNu2dKHZ2c8jjbdYI620WRla6ingHUJBYDUNILkDWSgrRAXMRzZGhWgI51FaDQNCKzbj2s5s8zp7n2s5c82Z2bhGKxmKyKruCwVQzDazKBds1VTKpaJUZ0pJaTlbp6ZYCJWjrKgvVq6GLqSHtS9WJcJl9k6qJ1EcBd7tcx13qzzOuY45d3qI5/cJpwZmj3ey+Jk33cbcrb0urGYcvKd5p15UOSdHuM9c2+ZzjnW5wJCECtOwVdzbXij6V2yMVbjXkfM9nc6d+EnwZ9B7bu4TtRafA3qzty7yUQ6YmJbqPMeO5i+JWcxr0xA4xKPqFTMV7hcxhcxocUK8Ch7hcxJblcy4TLQQy/ULmFbivEo0j2YapVeSMvWVDfYjptxrm8X8TO3CxZiQhDLSEoQgArzCQgEIQgEA8gkeQATqiNVTXMEXiMSBLUq1i845jlD/T3S/LdVP8AuReJ/wClv/tDm9y3EpS+ng6RX7lOL5G+9cjatyuSyiqnFrKcnOWMpOr82Z9m2Jid2/XOufhVp0+XI6GzuK9ae3uY6cY86cjLpTDCM7c1ODpKOKZz16N7dY5vce3vZ3Xdsr9Fv1RX4a8V4FCnqR6e9C3udvK46JpPVF5eK+J5i7aW1vu2/wBt+qFfyvh8Dn7NMXPy6evfymLzFkEWRK1JaVTiLevdKFePAxG1eO+7nb2sP27C1z/1PBHpdvtowSosji/xaw5S3W6lnOain4RX/U9Nbien16TGXn9u1zYzytrVUujpUW3kliNKKoc+9u1dk7dn9tZy/M/8DW201jGsu1JJqbl4upWlR0GRJYPzPNfl3g23ScX4o68MjjLM6lm8pQT4nb03mOXtnFXkE1AcztlyOxWxXPxKpXPElqyHk0UXJIWdx8zNduvmct9ph01ijfTpDDi6GO3PTcq/kPu9xaUlG5NRpjR51fgZpXbjxsWJSr+KT0r5Ys81/wAsvVp01w1z3T1UWQfqWZLey325f6m4ViPKzH1f7p1Ndrs+xt4353NzL/8AVm2v9qoi4/JbBtTlfqrWKXunwRzu9SuW7LhJ/uKi8kd+DtRioQioQjlGKokYe72dvvNrOCdL9pOdt+Sq4vwZdMTaW8Ss7Zutk7x89uWLs5txWBRKLi6NUZ1rcdeKMe9t6aPiet5HU7N7Ueks+1Hmeze1HpLT9KOmvDlty0VwOf3B+hm3Vgc/fOsWW8EeW7h72UbT96Jf3D3mfafvROfdvs9p2z2I6kcjk9sfoR1IyVDrHOnFkTWhXNFRZAkxYSJKQFMzNeWBonJGe66ozVjkb3JnAufus9Bvvazz8/3WYrpG7brBHW2iyOZtlgjrbVZGY1W+CwGoCGQxpktBWPQVoBaAoMBkC0IEAVm3XtZyZ+5nW3XtZyZ5sxs3qRsVsLK5Milmw23RiMGqhRpncSicrcS1TLb99rAySnV1LIzalAaqAcgRTkyo9PRkWquZZpJpKwaFeZLldLGiLd9rA4+9zMRs3rxZjI1BIQgDQ9yO5sb92EUoyaOHb9yO3so+lFSujDc7hyXqZ0bE7zSq2c6zCs0djb21RF1Z6DKdxRzZh3G+vW3gzqXILScTuEaF24MQ8O7XuLH/ALlPicyCLUjOVxG/+5PxLtt3DqXNJy2i/t6/WZc1LHctTlcuQtr8ckvmd9eGRwNlju7NFWkq08kzvRLVhiEIRUIQgEIQgEFrTPDxGFfjkAxCnqdJpSf6bwUvyvk/AuATKQ6EuLiGLx8yTlQvQ1xw90WpR80MnVJriEz3r628LjfBaoLx5C9OpOvRl7lf1XFYi8IYz8+CMsStScnqk6yk6t+LNFu2zjnyuXbprMDGJaoh0UGiakZtLFJVjL2TVJIxbzY9eErX/Nbxty5+HxN7RZG2riUl7o5eXIbaZhNsdXlXPSqUo1g080UXZOTxeCOn33Zu1cW9gvRP03o8pfhl8cmcaU+C/FRfF4HDxxcPTLLMvV9isK1sba4tOT85YnUhxMuzSt2Yx5JITf7iVm0rUHSdzN8VE9OZrr17PJZdtv1U9x3utvb2X6VhckuPgjPZjSJVGOKNMY0icLbtc12kkmIKQZRrHxQYosSHj0TLPDFl8auqTa8nQq06blOHAut8WNSk06s5S+YysL80iW3g34lkS9RV0IfmZRvFd28YzsxU4ywlqr6XzweRtjGroGilJxarF4UM9Rw57/cqlEk65JVXx1MD3O/n+OMI8owVfm6lm5svb3ZWpLVHOEvDgU13Dr01GnByr9yJbXXGuM4ihbZKeulW8XJ4tmu3NxjTgLC3u5uruxVOCgv6lTjudel3VnTCMTOFlaY3mvasSSvuPquOiX5nRfaUrt87r/V3F1x/KpaV8o0Ndjt3b7OPS6klxnWf/uqMflMqrW4lf/ai5x/MlSP+5mLu+5nt7E4Ra1zTVVwXE7Mr3BR0xXDI8z3i51Ll18Fgvgb9eku/4nVn2bXXXM5vRxNrckqquBV3B1SEt3dLaE3NzUkj0vN2dDtVyiSO/bvJRWJ5nYyaodTrSSRuXEc7HX66pmZd1PVFmSN+XMslJyiXJI4PcfeUbKOq/FeJf3H3idsVd1Ex3a7PYbGGm2jT1KOgu1gukvIpuP1s3lzaVcQruYlKeAJSoXJhqhcVCTngZY3UhpXE0XKpO5iVylVCydWTgZHP33tZwJfus9Bv/azz7/dfmZrcdLbLBHV2uaOXtskdXbLIzFrfHIYEMhjSBQVoegGBW0BosaFaIK2AaSFAy7v2s5M82dfd+1nHm/UzOzpCSKpMsbKbmZFLJgzDQiCMO6wZnqad3mZTTNEvtJUqUF9t4Aj1NCUIhjUYBCXX6WWJFd5Uiydxxt57mZDVu/czKRqCQhAHt+5Hf2UXpRxthZ625hDmz3G07bDpKOWBcWpaxbePrR2dtBuhVHt0YTqmzo2LUYKhrWMK7ttaTg9yjRno79FE873J1Y24WcufBFqQkEWIy0lMC3ZJ9bAQ09tindkErtdst13Kl+WL+07EMkYO2W6O5LlQ3QeBqk4WEIQioQhAIQhAIKxhX4EorlRpqSrF4NMFmTjJ2JurSrbk/wAUf8UGWK8fvRTcbcNUf3Lfqh4rijOcN4y1SxgInl4MNuSnFyWTxXxQvB+GJbykXMy76x17DivcsY+a4GmuC8Ra1QszMJOnVw7CrLE6EIqhTurHTvdSPtm8fBl0JKhjTp0dNuvUXiKsGStGQ0hmW2apla4VLbeZYlDc7a3ubU7dxVhNOMlxozyNvYXLXeLeyvYq0+pq/NBYxke2aT8zB3DaRk47mMf1bScdXHRLFoz7NM9fhr174/b8jC7FJyfth9rMF+crtxzlmy2UvQo8EUpapUOW21vRuTHU1m3V1L5KlB7cFGIk80WzETOaZIJEFlQlxVpLkCMqRkx3lQy3bnTg0826Gb0uWp1i+2/Si6Nfi+BVtbblFSkbI2lTkjUmYzbgmUaRz4sMIUx4IscEljlyKrjnP0x9MeYswS5cDuN+7Du3Tu/s3oqMfDlL5llucYNwksUa972e1vUnKTheh7Li4ea4mW7bkpyjP3RdJeZzvXF7umneXjsdStyya/qDQ3KuGBW7MZur4YJiz2WpqlcGpKjJct5nDVF8Au6ksOHBFMNvok19laFly3bVuuNOMZYfcTqnRmu35vLCpwt+3KE5PN1Z2b0qqWngsDi77C1LyOv8edNr/Ry99/xn9XmptqboI228RrnuYvE7OLp7GOCOg1kZu17S/eSduKpzbodf+17umUf9xWbWJLEvp6C9dr3Kxaj8xb1mdqNJfYWGXnu5fuCdr/8AKiP3LG4TtUG91Ei3h7XbftLyMd5/qM37W1J2l5FFzY3ZTbwNVhm1NCTkzX9Bd8BZdvvPiiSjA7jTCrr5l8+13+aAu2X+aGV6EUy2Lqgrt15cUMttO2sWXI5+/wDazz3/ACvzPQ9w9rPP/wDM/MmzWrp7VYI6+1RyttkjrbXgZi1tihgRQ9DTJaEaGoBgIxWOxWFI0K0O0ChBj3a9LOLc9zO3vF6WcS57mZ2bisquZlpXcIpOAkpaUPwK7kNSKMV+5qZSiy9bcWVmmBLYPApLIMD18YFkbTbogpFtiiliGF1rt7kq1M292jtweNTr2mtJi7jJaGYzctPH7v3MzGnev9RmU0ohAQDf2iWne234n0XZqLgmfOO2Om7h5n0DZT/TRvVm8t0kk6kU0imU8RasXbDJ789SOPvLak3gdO5LAxXlUzdpWpGCFmKzRYrUORdpoGKEKq6MKZF+xhGNx0RKFm197Kldzty/Tk+bNMVx5GfYP9FrmzVH7y1qcGRCEIIQhAIQhAILL7RhHj5kqxTOWclhT3Lk+ZVKVJVXnTx4j3ar1RVZLNc1xRmnJVwdVmn9xy2rprGza0UZxWUXh5PEZSVaFO2ktN2ayen7hKybSWcmkbl6RnHWtksFFeAqZLj9dFwBEvdJwF23GcXGWTOfSdqeiXDJ8zpNld2yri/zLJmdp3jWt7Vl1FkXVITQ06PgMsBCnXAshmipFkHiaiVqqCUdSoBYxTCnzNMOTuIO3OUOWXkJYjV1NPcV+rGX5l9xVYVMTz4xtY75zrF0sIlTzHm+Ag2qQyCwQyC2UK2Z7sIyvpyySwXiX8SpW3dvVeEFh5ma1G6xHBUNKoU2/THTFYIbTKXgdpMRyvJn5goqEVtIagwZVa4rgcveQ07ir/Gq18sGdWUEzJvNq71vTBpXY+q03lXjF+Elgc/HPRubY6sEaZFqVVVZ8jMn1IKUfTJVTi801g4y8gda4sGjnbjl2kzw0OSef/VfAquuDWH9fuKpXZt4/MSU2Yu2Wprg0bErqkofuLGMPzLjTxOH3OmmdOR6Ha0dyKebrRlPeuyz3sJ3drSO6a9Vtukb3x/DL7GdvRviXW/Lh79OuZ8Pnk/cxVmi2/auWr07V2Erd226TtzVJRfJorpidnF6zs+npxpyO7FYI8x2e/O1BJJS8zuR3lxpelfI1OGK2SWBzt9RQZo+quNZL5GLezlOOJR5juD/AFS/syruYsz9w/dZb2eT+pRmtdnvdsvQh9LbKNrKXTVC1OdTTCxWyO0NHUM1LmBnlbaEoXyU2U3LM80yLkGjPdyJPqxzKnJyzKOX3HJnnV+8/M9F3H2s87H95+ZK1q6u2yR19qjlbZYI6+1WBmLW2A1ARWA9DTJQMZoVgKxWOBhVbRAsBBj3vsZxLnuZ2977GcS5mzOzeqtlc8R5PARYsilUQqNR6AWYFF7bqXAwX7Lts7kYpow762qNosqWOWPEVjRNMvoK7ddGj2+5Wp2ZaUBOJrDm58bF6CzOZ3PqqLqem9DRyO7Qg7cieM5V4fdP1szmjefuvzM5G4hCEINnbavdQpzPfbKL6cfI8F2qSW6g2e+2dyLtqjNRmtOl1G04CO4qh6qM7EV3UZrkGzVKaYjkjlrLlYxu3LkSNuXJmnWql0Ipo6yFYXB8htqtM22mb+ihekliaZro7Cq29XxxobKYYZ8DPZjps26cYo0BoiuutJxp4rFFiaeQNKZFGmWABIQgEIQgEZXIsZXPAlWKLrfDP7zFNpTpwabX9TXcVamDdTcPXxUZKni8jhvertq0bS7q20vGTXwWBo28dV1PhFVMW0WizGH5Vj58TfZ9Fhz4zy8jWl/8Rnf/ANmrqk5eIUxIuiGTwNsmbBqFcqvwFbGTCyUVPzK3BoKmWKUZLECnSNFUHcaYrIjiVFtt+kLRXabVUW8DTLF3CH6cZ/lf2My22dDcw1WZrw+450cEcPZMbZ+XbS51WZsksESC4knmRRjVojVAwyBJovZFV2ahBy+A+1nbk8zn9wuarsLCdEvVL+hs2VqFKt1Jr/kt4dODhTAdNFUYQWRYqHZyMAhCoDRVcVGmXFd5elPxM46tOZ3Cz0nLeQXp/wD5C+xXPhxM9Lc1Wn2nXopKjVYyVGniqMxz7XbX7DdpcI+6K8uKM76Z6xvTfHSsE4RWSKZRNW4sXbDSupUl7Zr2vw8GZ5NUZ5tpi/D0S5meQsT07nb8nNx+aZ3lbUlkeV3l52YW7sc7VyFz4ReP2HrbTTSaxTVV5M6+mdK5e7mfo5Xff45te82aypZ3sFSzuUqv/Rc/NH7uB8432w3fb9y9rvLTtXo4pPGMl+aEvxI+vtVwR4j+bd629+a7RZhC7KzJSu33i7U/yW3z/N8ju4MXZ7SlGNY1O7GxGipEy9ksx6UWd2FmLNThyrnrbqmKoYd9BRjgd65FaaI4vcmlFopHke4fusbtL/8AlRQvcP3WN2iNd5BGa3eHvtkv00XpYibOP6aL2sTTBoLAZxJBYD6QK0lxGcYtCzaiV9ZVAFyzFmC/ZUcUdHqJox7mUQOB3L2s87D95+Z6LuftZ523+8/MmzersbZYI6+1WCOVtVgjr7VYIzFrZFYDAiE2yDAFgIFYGFgYCMAzFCse+9jOHP3M7m+9jOJPNmNm9VMkSKoOxWRoGKsxmCOYRdEo3kKwLkyjdzlpLBxpqkmgolyurEiZph9Cv90aeDM/92mnmcS5u6vMq+p8Qzh6a33hZNmXuHcI3LbSeZwnufEWe4qswYZd06zbKCy7LUyugaiEDQlCC2xN27ikuB6LZ930wSqeZQ6nJZMph67+8N8QrvFDyXWucw9a5zZmww9au7riCfeYUPKda5zA70+Ywr0q72lLKqOntu7WZxTTPD9WfMMdxdj7ZNeRYmH0JdwtP8SI99Za9yPn/wBXuP8A7j+Yy3e5/wDuP5lzUxX1nZXFd2dmadU4pr7jXyOD/D76v9h21aqcNcJV/E4yfqR3eCKCQhAIQhAIQgHkAaojSaxKqNA1teJMrgt6w6OUPkcjdpyvwVaQhWTXjwO0pqSo8mcnue3ueq7axnHG5HjKK/EvLicfbO8dfXe1CxNTuK2s5fdxN924qqC9scDlbGtpO9L3TWC5I1Rm5Mmt6LtOrZGSeCGr8imGSSHosuR0YGU0sBHNDaE8xdKzoTqpdQVcpxBJYciuVSZVqhfWTY7mmsHiYE2ho3GsRNk8W23OksX4GhHLlcclRcTWpOVxLlmbmzO2q+cW0/E5LVJOPJ0Ov7kczcRS3M0sqmfbOKvrvMNBYCyxY0npiVRfqZitxZHIVviGtImXeXultrk+NKLzYHPgle3N25KXulgvBHY2dtKKxPO7d0om8TvbKLcVR1LpybcOlFUHRVCMi5RZ2chIGi4g1W1nJBAEuv0ju7ZX4kJOdua0xdWRYrWHwHUhFwGAly3GcHGUVKMs4vJnPvdpi8bFxw5RmtS/3LE6KdMyNcVkybazbmNa7XXivL9w7ZvlblF2ZTi01qt+tfZj9h3O0XJ3NhYc4yjOMFGSknFpx9OTNfiLOTaeL+ZnXSa8Nbb3bGXH/lffZdp2cbW3/wDN3NVanTC3Fe6fnjgj5tVudW223Vt4tturbZ7r+X2Ov2qV143dtcVzV/ll6ZfeeGS9S8y6beUyxtMdHt+yySsR1cjsO8ksDh9lg3Zi2dtQXA6ThxLObcWcfuMXpcmdxwVMTkd1a0NIpHjt/wDust7NRbyLZVvv3WTt89G5izNbvD6Js36FiaVpzORstynbWJplvILNlyw6KmkCd1LicmfcoLJma53KUshkw6W43MVxME94k8GYLl+c3iypyYyuHU+tdMGL1nPic1XGatu6pCGGbuftfkedtfvfE9D3P2vyPP2P3fiNmtXa2qwR2NssEcjarBHZ22SJFrUsgkQTTIMVjisBGCgwGQIxWOxWFYd97GcOebO5v/YcSebMbN68EYnEaTETxIotAjmFsEMZAXJAuWFNDxRYBxt3tdONDDKLidzcpTlQzXtn6K0NZSxnrMlZnQ/t1zkT+3XOQyy5/qJ6jo/225yJ/bbnIZHN0smlnT/tlwn9suDI5ulk0s6f9suBXa7gyOXoYdDOqu13ArtUxkcrQyaGdb+1TD/aZjKuRokHpyOwu0zCu0TJkcbpyJ05Ha/s8/En9ml4jI4ytsZW5HYXZpeI39nkuZcmHr/4fDp9i2nOSk/90md1ZHJ7Da6Padrb/JCn2nWRpkSEIBCEIBG0sxdSJormTQgDgxHRYMbSRqqoyWKom0pYFV9a1Ve5Zf4Fty1KupYlMnmc73lbnzHL1Y0y8DTaoliJu7dGr0cm6T8+DEtzOM6V15joQaSGryM0LlS1SOsrFi2uAKgTriFMIVqoriWUI0FUuDFceBoURo20MGVNqy3OOGFTbbtaKt5sEIqOJbJ4G9ZiOe1yFXTxOfdT+plU6KMG5encTfgiezifqunN/RTdljQWPFiN1kNlE5d3XsMp1wPNfy3uE7MNvtrTpOUurPyjkj0Xmed7hspbzeXL0sV7Y+SNa8s7cdFHb99DdQXC4vdE72xuYUrRnBt9rlampwwkjrbVuMlqw8fEvfomczq7tudymEi5K5LObMdmbpjiaoSOkZp1Yi/c2/iMrNvkRMZFQNEFwJKKVKLiNhkScaxYRW4rVReaJisxZNxml8qh18MvBhRbQKumAHTiqE4YEDVjT1PHwK5Yp0eRKV/6FcqpPhUxtW5HP7pY+o2O7tU99mXzSqvuPncLNysXp5M+mXMbV3/RJfYecj22OlYGPXcSrvM4P2m5SCTwOzC/BcTk29rK17SxRurNnWbuN0rpXNxHTgcfuNzUmXSnRZ4mHdybRdbksw85vf3WVWP3UW7z91le3/dQqvQ7Wc1BKrLHKTeZVtqaEWMJgKkqRi1KGFbA5AxAhu2vtRiNu2yRYlZe6e1+R5/b/u/E7/dPbLyOBtv3fiNl1d3bZI7G2WCORtckdjbrBEhWlDAQTSAwNBIAjQrGYrIFYGFisKw9wfoZwpvM7fcPYzhzzM7NzhXJhhblPIDxZ0dlaTSMrlj+mkSO3kmdroR5CuxEYqZjmq3JDOEqZHRW3VKiO2himY48rU3OtC1xrGjNzsRzKJW/VQdVzHc+ijyD9FHkaOsgdZBFP0UORPo4ci3roV348wF+jhyJ9Jb5Be4jzFe5XMBvpbfIK2sORV9VEZbuPMirfpYcg/TQ5Ff1K5hW5XMCxbaHIP00OQi3C5h+oXMB/pocgrbQE+oXMK3C5gP9NEP00RPqEH6hcwH+niLKxGgPqELK+qZgdrYR07W3FcEbY4oxbF12tt84o2QeB17OZiEIBCEIBCEIBCEIAJLAquW01VouFnJKLb5EsndZWOe2jdtzjWuqLS8+BxoSeTz4nQtbmVubrlXI5910v3OC1P7TzbWXGHfWWZaYSoaIMxQkaITRdaWNSYyKYyLYtG2T0JmwVq6IeKxKgxiWxiCKC5JGozQnKioPnFeRncqupcppQj5FlSw6Of3CVLq8UbHcXM52+eq9FJ19P9THsv7WtJ1VRxYZPgKnpQk58Fmzk6mlLBpFXSjyGisAmoxSdKPIDtR5FhChrFW9FaTWXia4TksJYMw45rBrJmyzurc1pvLFfiRvWsVpjIsUlxEhGxJVjcVCytmHHUzaHguIIy1u4uTp9gkr05YQg/MSw3C7JPwqES4tUMfdEROq0t55MulTW6ZSxRRJUbTyf2MlWA/lLmia21jmiN0weK4MWqWJmtQ1EotzqlxaKZXISdIRolxfEe7JdKSKLeFGznvezes7je9Nu544GKiNd79qXz+0yVM6myUQk4qmQ9RZuqOmrGzHcSWJk3lNJvlFspv7fWqHSOfV5Hdv9aQm3TdxUR3b3aY3JtuOYIdthbapGhm7Rqa2n2qehFslQutWEgzsVNM9WWpC76eRPp2UUUCkWOzIPSkBXQ27ZYIyu1I2WFpiqliVg7r7ZeRwNr+58T0XcbTuJpcUcjb9vnCdajarq6m14HZ26wRydtblGh1tu8ESFaURsiaoUX76iXbaazNJrbei/MBTavVRdqTyE2lnQssKxWMxWVCMDGaYGmRXN7j7GcKbO93GEnF0RxZba88ov5GNrG5KohjKh1domkqGO1stxqrol8mdXb7W4oqsaeeBPKfJZVqdUFoPSkuS+KC1FLGS+ZLvITS1XKaSwzKG3UvkofnRVPQlhKr8jM9s7r9dI2US95elUouYXDoy29aXMHVlzKqkqZawt6kuYNb5iVIA+pg1ChCo5FTm0x2VyzAuhNtFikym2WoB1Jh1sQhA+tk1sSpKgWa3zDrfMrQQLNb5gcnR4ikYHqe2OuxsP/IjbBnP7RKvb7D/AMtPkzdF4nbs5LiEIBCEIBCEIBASkoqrCVXrTnRp5cCXhZyWe5jFFEr7nghJ2ZN04iuy45nK7Wukkim7BalJcTnXnW/cf+ZnVmsH4M40pVuTfOT+852OkXW5GiDoZIMvgyQaoyLFIzRZYmdJWbGmNxLxZbC5ExKROo0i5TDdK+kip3XJ5mTqPiL1WPI8WzqpF3VpCPkcxTlOSiuJbcvOUnpyyQ8uh4tLuJmS5JObl8ECU3TMzzu1dImNrno1rDTucENCFFqeZLNmuLLJ0rpXAkW0pCENuaACACETo6ohANUFap1FguKLoX7v4FVeJis3OnL/ACvM3Jt0osHxR1lyxV1ud+bx0xXgK5R6vUeMXWM3/UF6bt2tMffPBFaudOUreacUviUWSeCkuH3ElSS8fvRTG5p9Lxpg/FE1Uyf+lkyuEeGWQtcSOaljlLihHIxa1IW+/TTgxIyWhC3p1VELWiSRy2vV0k6GvTrZuPgkkvmY9ZduJ0sqPGTq/JGVHLba5aws1hrURIORZvtEusHAlELqFc6F+2p4Q0lCmRiv3Yp0RdcuOjOfcrKZddrtsWYjVbuKhfFJmS1CWGBrhVI7xxptESaIhqCppCu3EDhEZsSUgFlGKKndUcCXJl3btktzc6t39uPtj+Z/4EyprW0nfjrkqReXNj/263HgdG/djZWmPu+4wynJvE47ey5dddOgLawXFFkYRj+JFVWK2zP27L9caXKNPciqcbUn6pVKnUGJjbe7c1qaycLV0o5Nh68FlUooBoTazi2FkvLR9Wl+Gor3n+VGdoFDX2bfNTw1+F73kvyoR7y5wSXwK6AoTz2+V8Z8GlubsuP2Fbu3PzMNANEzlcFc5v8AE/mK2+Y9ANDIR1BRj0BQZCUA0OLNpYGtZms7XESJmuv9QuUqGa663D1R52ogAmWhIAIUSADUAMrlmWMrmBZbLUU2y5AQhCAQICEBCAgDEbBUDA9H2OVe3wX5ZSX2nSVFi3kcj+PT1ba7D8k6/NVOjclwO2vEc7zW1OqCV2XWEX4FgRCEIBCOvAhAF0VzbA4yWTHIwKmtXuWPBlU01i8VzL3liLgZsy1KztRafiebr6pVzTdfmelu2qr0PS/sPO72ErW8uxnFx1S1Rrk0+K5nHaV11qJl0JGaMkXQkmjLTTCfMfXQzVoHWWUwvdwVzKXMlWxlMLdQNQo8YooeysJSfkviWxsyeL9K4VIrqs20kqyeK+IjncaSybzbzLcJ1U7ltS0p15ks2quosYa5t8Km21BJGOa1xEwhCpT5jXbild6a/DixTUjFqEIQ0iEIQAEIQAGvZ3senL4MysCnpaks0WXFSt8pOW4xyivtZXuU1C5L81ENtr8ZVlTF5l92yru3dM8zp2Zc5XmvTPhkx1c+KM83R0YFKmTMVuNDnUVzKtYHMxa1BnIXqvJYeIkpFeo5V0h70tTRWGUqsU53lTAbJURyAjkI6sOY8LY11u16JdpFfTqSO2VcjSopBPRr65HLbfKpWUhtA4TTKpxEaLZNFM5onlYuFcnQrkwTuKoqerBYt5GptlLMDbtSvXNKy/E/A61tqxbSiqPJIp2thWoY55yfiNOVWc/ZvjpG9Nc9aWTbdXm8xGFgZwdQAyEIAAIAAAIAAwBAAKACQACsYVhQAEBQGBhZlvX1JuMXgs2a01u1xGdtpJk7uKvgI5VKNT5hjJnqmk14ee7W8rqmWb/UNFTLN/qFRuCAhloSAqEKJAEqASuY4k8gDbeJejPbeJoQQSAIFQICAEIAkEIyAYHb/jypY3E+c0vkjpN6njwOf2Ff/CueNx/cjopVyO2vEc7zWrb+xFxRZwhHzL0EQhCAQhCAQhAMBJ1fkV1o61LmiuUfhzM1qA/Uii7tre5hKzejqjw5xfOL4M1whgSWmKxw8SWZ5XPw8tudnPa3unJ64yxhLmvFcxIpx8jpd5lGXTkuEmvmjltylkca6zhZK4DVUVQY8bUnkZaRNliaBG0yxW2aiUFJvJULIRcmlwAoMtte6vCKqajNanCzb9TxlwqVu7GMXpzKZRuXJYhlY0QcnixbzgkC1FuhdfuKzab48A2YUVWY93cdydPwx+8zxF5pbDbm5PNl5RYVJPyLy68M7coQhDSIQhAIAIAK5yoUSull54GOTNzhi8rre8lZuKWa4o13O8JNfTzVGsYyWTONckUuZM2NSR3JXFej1Vn+NFDnR0+w5+33lzbzqvVHjHwOtaVrd29Vmk/8uUkOThT1AO4Jeh0pNOsfCSEUk8jG0blWObZIvGiEbp5lkFpWObzOW3RuIwDMDMBWxcWw0qyyEC66Xal2wEIFqwIQ9Ousk6ONuUCQKRWUoLJ0Gk0kZrtwlagXLhkuXSXLjMty5Qxhobl06Pbdu3FXZrP2rw5nN2Fh7zcY/twxm/6HoXS3HSsH/QW+MJM0Lkl7VkilsLYrZwty7SYBgbI2BmRAEABABqLUKjAQARCEqAKICVA2BGKQDAgoWUbvcx21pzln+Fc2WS24hbhVvd0rdLUX+pP7EJbjHQsDjT3M5Xnck6ybxNUd64xVT1aa+Mefe+Vb3CPICjFZGazuncZpqbYGpmeNw0VM3/KUbqhqJUNTDRqkqLUlQHqQWpKgMLPIlQSeAAhmaI5GaOZepYFD1JUXUDURT1JUr1E1oC2oalamgqaAcjK5XYQVZOiMd3ukU6W1XxGDL1vYn/8ACkuVyR0lmee/iW8luLO6hPOE00vCS/6HoFmdteI53lriqW4/MsixJ0iksgx/6kQ5CEAhCEAhCEAFGTSuITHvN1PV9PY/cful+VEtkmasltxDbrfWtv6V67n5Vw8zFOXcb3rcYq2+FcftNO32UYurxlm5PMbuEpwsqFpVnNpJclxZy2zZbek+HTXEsk635rz/AHDcarkbPG025v8AzPh8BLdyFU2Wdx2V+1d683rt3criVEn+Vr/1Ux6ZLIxhvLqW425qqL42oLA40Lt2GTLo726syYV11YiN0Ec+33L8xqt763LiWJVzsIa3Zim1zJG8pZOo8Z44mozU6aWSKtxBK1XN1WJqdKGfdyirEscVj8i3ipOWfcXdFuizeCM+isVzKpXurcXKP3mmCqkc9rmukmCQVGWAkqSIa14Y25EgAmkQhCBEIQjAzX8jFI2X+JilxNzhm8qLhnbL7lWUOE2SqVyDC9ctS1WpuEucXQPQmyfTTIoXd3uLuFy5Kfmy3bt1zYsdpKpqt2KI5757Na47rYOhYpFSg0FpnLxrpmLdRMymKk2aIRoi66W1LtIMYjAbIj0TWSONuRCgBRpBQ2SAiu7coiWrIS7cMV25Ue7cMlyZjlotyZknKd25G1bxnN0SDfuqKZ0+ybBxX1V5euWSf4Yl4hy6Gx2sNnt4xWebfNjSlV1Y1ydX4LIqbOG+2a66zERsVsjYrZhoWwVFqSoBBUFSVIJUFSVFqAagqCpKgElRakCjUVkIACEAAJzjCLlLJHG3KnurmuWS9q5Iu3m+jOeiD9EePNmb6pI7+vWyZ7uW+2enZWtktVaFn0yFluyuW6Z06sdGm3CNviWdVHOe5kI9xIuKmY6bvRKo3E7hz3ekx9tOTuZlmUuHY1omssWzkOtlLkDKjqE6hpWxfIZbHwBlk6gOoblsPAb6DwKZc7qglewOl/b1yA+3LkDLmRvln1HI3f21cgrtq5Ay5/1D5E603wOiu2rkPHtyBlzFO4+AV1XwOxHt8eRZHYwXAGXFULzC4XIRc5OiWZ3FtILgYe9xjZ2TpxYwmXnr+5ldnSvpXAqbEWY0ij0P8Lu03+5tfmtqX+10/qe2sxrJeB8//iEmu+xjxnamqeVGfQoNwmoUzzZqcM1dKjdGFYUpksCuUqSxw8x44pr4lDoIqyGIIQhAIBtJVeCQRZRUqJ5cgK+vqrTJZA29uKc5ZuTqy3TF8ApJLDBEx3XPaJl5GO9uLUrum3HqXEqeC8wbi/O/PoWXRL3yNG220LEcF6nm+Jm526Tj5akmvW8/CrcWYy2k4X25a1Rrz5HD3PbNzZTnbXWs01Ka91PGP+B2b8+rcdH6IYR8XxZbpooRXJ/ec71tx26NzMk/Lyio1VYomnwPR3u3bS7VytqM+Moel/YZJdvVvGK1r7fkZssallchWpPJFkdtd4JnSioLJLALv24LFpElVjtQ3Nt4J0RqjuGmtWD5FF7uUY4QzMkb1y7d1SbfFo1lMOvc3SXHHiZdzuk7M+La+RSrd67KrwqPu7StbfQlm1qlxYueqdGSzgkdK17Uc2KeB0rK9KMSZatJcmlco/IY5nfb9yxs57m3i7MlJrmq4l/bt9a3u3jdtutUb14Y25bCEIaQSEA2EEDYkp0K5XQEv4mRxbNMpVEoizZMKY2a8CxWEOmkHUMwwXoxD04h1BqMxcUvTiNoRKhTQzDqGhE6aDVEch0OoaYoDYHICZUMFMWoUVDoIERyogJOdEY7twe7cMd24Yty3IS5cMt27RDXbhlhC5u78bFvj7nyXMSDT23aS3u46kl+jbf+6R6OTUI6I/Er21i3tLEYQVKKi/xBKRy9m3Z0017pKQjYGxWzk2LYGxWwVAaoKitg1ANUFRagqA1QNgqCoBqSoCVCjUgCEBAQgEOX3Tf6a7a08f8AkkuHgaO471bW3pg63pr0rkuZwG2223VvFs7erTP7r/Rz9m+OkRyYrZAM7uKNgZGCqAgAqMpe2LfkmWR2m6n7bM38BmfJhSW7V/qFse1b+X/E15tIv2/ad3GdZ6V8SeevzF8dvivWq1EZQiVdVB6yNZRbpiGkSnrA6wyYX0QcDP1kTrDJhowJgZ+sB3iZMNNUSsTL1idYZMNdYk1RMnWB1mMmGzWkOpJnPd4MdzR0qWbFjc5I4n8lufoW482dHr1WZxv5BPVat+Yz1THRxY5jSySSbbaSisW28klzYkT1/wDDe12JQl3W/FTmpOG3rlBRwlJeLZpMul/GOwR7VtvqNxFPuF9LqPPpRzVuP9ebO8sWqlWvU/6jwkq0Tr4GsIqvpqVVh4Dba7VpPNYMsnHUzLdhKEtcM0VG9YYchkVwkpxjNZSVSwyqEIQCAYSAQy7m9KT6Nr3PN8i69OUYqMMZzwj/AIi2bEbfjJ5szfiNTp1qbfbxtRovNvmw7ibjaaj7pYL4lkpKEXJ4JHOu35XZ+j4E2s1mIusu1zTQSc1bjlHM10rda4RjQq21rprVLPNsLuOMHLOdx+lGZMTr+q25vQ0pLEreY0Yvji+LAsavmSrFN3b2rypNY/mWEl8TI+yWpqktxdUuDai18qHRChJM8Ga89uOz7zbzoodaGanDj5xzQbFt2KyuwaeVJJo9LONba8Ctp4Nf4i64vQm2Z1cRXcNTlSv2le5V6cVOapBukU8/M9ApRyml8qoW7s9tdX6ltSWapX7kPDM6U88XrHAtQxNdVbtuT4I6C7dtEvTCnipMW72zbXI6ZKVPCbQmlhd5Xmu5Qd7te6TxrBs83/F9/Lb7pbeT9F3GP+pf4n0K72Xaztys6rihNOLVcaPk6HEn/A+2RlG5tL9/bXYNOMm1djVc1JL7xrrZLKbXNljoVqqohPptztoKN+kksFdh7X88UQINSqc6DyeBmuSxLEqSmI5AbABKkqAAUakqAlGMCVDqFoyUZMKbUyaxMSYkD6w1KsRqmohqhQlRkyoZDIRD5FQ1aFFy4G5coZLt0xblqQt24ZbtyhLt1IxXr1RItoXrrk9McW8EubO92jt621nqXP3JYzf9DB2Xt7uzW6uL0r9tP/3HcuTSWmOSM77Y6LrMhcnV1KpMEpCORwdRchWxHIVyAdyF1COQuoYVY5A1FeomoYD1JUSoagOSolQ1IDUlRQhTEAFAEE+ooN2rbuT/AAxXPxHhCU5KMc2bY2VCOlPzIPMz7N3XcXJXbyjGUnjWWXgNH+O7h++9CPlVnpHbQrhE3923bEY+vX9XCj/HbK/cvyf+lULY9h7fHPqT83Q6+mPIFIciX2b/ADV8Nfhzo9q7bDKxWn5m2Wx2m1h7LEF8DZ6eSB6eRnyve1cT4Z9NPbFR8khXBvizS/AR1GRT0+a+INKS9qLWxW0MinqE6jM+oOo9jzr+oDqFOoGoC/qE6hRqDqAv6hNZRqDqKZXayaynUSowZW6yaympKjAtcxNbqLUizIL4zdDB3mstvF8mbE1QydzWraS8MTU5S8OLGVE3yR9N7HtHY7NtLMcP01KXjKfqf3nzBP0vxT+4+udux7ftqZ9KH/tRuMVXKM7bpwY8JSi60r4PiX3IJx8UVqP2ZGkPCaeXyDKKksSmVYzdCyMqqpFNZ9MXD8rw8mXIoTo68Hgy6LFDEAEghCEAriqzlN+UfIdYJtk8EU33Ka6cMF+JkvReWfcXZ359O37Vmx7VmNtY4tjKMYLTH4sstpe6Xw+BjGbmt24mJwW/PTGNte6efkV2/VJ3HwwiJqd25K48nhHwiXW4enlEnNXiJJ6YV54IRPCgty51bmmHtjgGnD7SW5pg1RoZiZKuS/Cv6ltmNceBZOqXhbL2pCaWFT1yai8EZd5vYWpdGEkp8W+BrayTKay24XuNfMa23F6X8DnRvxSq7n2h+s5XE/Cpz85G/CuhJOPqj8P8AqVV5mSG+io/qyi4vOmZotTjJPS6mptLx3ZutnKxrCjEa9VGWcKiycXk8UbrMI4JVjJaoSwafI5W62729yixtyxg/wCnwOw3ClWym/0b1t2ZPF+18msmZuFmXGnkZZ5l/UhKNU/BryM83jgNS9CgYWKwDmFRIqIruXlECxtIV3IoyTvt8St3XzJirlsd2IOrExO4DqPmTxMt3VjzD1I8zB1AO6x4rl0NceYdaOY79OJOvJ5OvliMUzHT1omuJz4LdT9lqcvKLLo7PuU8rMl/qaX9SZx3hjPZrV2K4iz3MUsBI9p7jL3O3DznX7h12W+/ffgv9Kb+8nlO9Wa34Zbt+pku3vE7C7HZ/wCTcTf+mKQV2Lt/GN2fnOn3E+zWL4bPNXLjY+x2kt5fUPwRxm/Dkenh2ftsctrF+Mm5fey1xsbaGmzbhbXKKSxL9kvEPC91SUbFtW4qmFKckUymS5cq6lE5nK3NbkwaUytyFchHImFM5COQjmK5lwHcgOZW5i6y4TK3UFSKNQ0ZEwZXVDUqUg6iKsqGpXUKYU9RkIh0QMhopt0WbFRl3ncrO3k7WmU5r3NSjBLwrIkltxC3HV27NjpRq/e82O/M8vDuu9m9Ozt0m8E11L1PuienjXRHV7tK1Pm6YjbXx7kuUekV6Rn/AOqg+PyMqVuPBA+AW1wBmArTzVBXUenJfMGK8AEpOlRVGb9zo+RY2uYrp4sBHbVcXh4AcYLzGbSF1PggOYmSolSVPe8x6kqV1JUIsqGpVUOoirKkqV6g6giyoNQmomooepKleomtAWVDqKeouYjvImFa1Mr3fq21xeBVCcpe1NmjoXp2pqmGljhHnMdLS5M+r9luq52naXFinZh/7Uj5VSkmnwZ9J/h13rdg2/O25W3/ANsmdIw7SxDpVMBqIijiUZ7kfUxY4OhbJPU6lclxRUGo8JUdGKsQuNVT7SKvTIVW5vJrFZllSAkqADYEbElIEplTuNZEtakWNUTncei2s2+JRduymtEVpdxZflt+PiwOTlLXcetr2ReVeZILFuTrKWM5M529o3IstwVKvCCEv33N9G1/3S5IS7uHL0WsIrBzf9A2rPp/LF5t5sme0XHemtxS9NtVazfiGUknpj6mvc/+pXd3MYrp2clnJf0KoylLBZImZxDHetCacqt1f5VkjROfRtVfvkUWlCEHduYQj9r5Gae4d+45ywtx4czWfGfmpjN/Ea1f6Vl3Z58EYY2435fqJucnVvzBdvO7PH2RyXNk6ritMX6nm+COe22cfEbkx+tNPbwncbhhGOHmyt7dJNxeK+8PUTWiL9K90nh/6QVdjKjysxyS903yRFCFuaSbWHjyWbL9velo1ydG/bHw4Ga/uoqLldkrVvi20kl+VVzYLO7tXE3CcX/pxS8MC5+Ew1zvTk1GrxxY7moaVxMW2vdRyuaJ0TelOLTdPBguT3V24kreiP5pNL7Cy9M2pZ1apXs6vBEtTdLl+WCtxbXwVTOrVzS8VqfMe7CVzaXNvGWh3IuLmlWlc8BmfJi/DiW5OUFJPF4/PEtjJfiVDTa7XG1ndnNeUYlv0NjipP8A7n/Q463bW9K67eF5jM4JqqyK5JLPA6ENvZgqRtrHzf3jq2l+FL4L/A6/Z+HLw/LjXLlMI1fkm/uM7s7q4/TZuS8ov+p6Kklxp5YfcGjeb/qPt/B9f5edXbe4SysSX+pxj/UaPZ9+8+nDznX7kegoiaeOPm8CfZt+F8J+XCXZLz91+C8oyf8AgPHslv8AHuJP/TFL76nYcVnT4iSlCOcor4jz3vdfHVz49n2S9zuS85U+5Fke27COVhS/1Nv+pqd22sqy8lT7xHeeSj83/gT9970/b8QsNrt4+2zbXlFf1LEor20XkkvuKZXbj4JfCv3iylcecn933E8b3q+U7RpcqYNv4sHUtvijJpr4jRVB4p5NcHF5NMZqhniqYlsUuBPFfI+OZHjxJQEnRYt0HieRZyUI1+85967qbfyLNzf1OieCMVy4X8QScymUgSkVuQwGcityBKZXKZcJkzkK5COQrkXBk7kDUVuQHIYTKzUFTKdRFIYMtCmMpGdSHjIli5aEx0UxZZFmK0tQ6EiadrYd6dPwrGTM1Vm223UTlLCGXKpba7dsbLra29uMuMtKbr5yqzWoNJRikkskRwbzdPsM9VJRpUrRfIVrmyxQinUOhAU08CUXH7C3Ql/iTSvECl+XzBSXMtelZU+IKsgq0V5/cTppcEWV8AVYCdNgcB6sV14AK7aBRDOvBCtlHntZNaMuuRNUj3vLlq1oHUXMzVkSkgZaOqgdZFGmYenPkBd1wdcrVuQemwH67B1mDph6aKA7shXckx+mjobbsl7dW9dpryeARgs2rl54ZczpbftiwbVfM07bZT28uncjSUc0dGNuSS0xOW223Z011ndls7GEFkao2I000rVUwNVjbp0dz5HStW9vFLBHPXO1b2xrHgofxTuW43NySUbVpyelyxdPJHrv412ncdpsXNvcudSE5a44U0tqkjrRlajlQbqw5nplvy439DhqJ1Ycw64cy5ZwNETTHkDXHmFST4jJgdMeRKIlRXcisK48hkNRcg4LPAw7zuMbEW1izg7rvt+bajLQjN3jU0vfo9UrkHLSmmxLt+zaaVySTllU8923u9m3alJuVy8/Bv7Sy1GW/vdbc5Rfog+HiZ+38NfX83o7+i3JVpVMV7e2+BXZupRUVwNKdUbllYuYzy2kXk2iqeyuNUUqrkzaQXWE2rmuzdtYuGtrJLJGe7cuzdJtpflO0V3LFu4sUZvr+K1PZ8xyYW3J0RqcLW2tO9uHpguHFvkhd3Pc7W21sbFud15Tuz0xXyTbPObvsm/7ld63dN/O5LhbtVhbiuUYoxnXTnluS7fiN+77vYuSrduQtW4+2Dkkkv8AEwXf5L2u3h1lOmUYVk//AKaks/xTtMHWVuV1/wCdtm+z2rYWf29vbjTwRyu0tz+6/wDhvHbpHKj/ACON3DbbXcXeVLbS+0sjve83v2u3uC4O7cUfnRM7UbSjhFJLwVB1Amfx/df6uRGx3u7+7Pb2VwjGMriX+5xTHXaNxdddzv8AcXa5xtyVmHklbSdPidZQS5DJDNOjn2+1bKDT6UZyjgpXK3H/APW2bIW0lSKp5YFmkZJcRhMlSx8fmNTHEaiFcoRzZRKf+kSrp/ixXetrjXyEe4X4YsYTKP8A9YkoI70nwSBrm82PEytp4gouaKmm+LXiK7Un+N/H/oXxPJc3BZv+gru2lxr5YlPRn4Mmia4MuImVj3C4L+gkr8mI0xS4iZGVyTzZV1JxdYug7RW0UHrT4pS80idZcYL4NoWhOnN5JjIfqWnmpLyoyarL/HTzTJHa3p5IS7HbWFXc7i3ap+acU/lizORYlHhOL+P+IdDocy93vsdj/lnffK1Btf7paUY7v8stQX/xtl/3Xp0+yC/qXxt7UzJzXoVgWwjN+1NrwR46f8s7nKLjB2rVXg7dusl4Jy1FN3uvdNxfjC9euwlKn4nTFYNQi3mX67+Dyj3Erlq3LTcuwhP8jktX+3My7rcJLTF1rxOZ23YraW3fvKt+46zk8ZSfix711tt8TF6dIs69S3LlSiUyTmVSkJFGUiuUhZTK3IuEyaUityA5CtlBchXIWoGy4Q1QVFqCoMnqDULqBqGDKxSHjIz6wq4TBlsjIvgzDbuGzbRndkoQWqUsEkY2mG417e1O9NQgsX9nid21ahZtq3B0pm+bKtptI7a3R43Je+X9EX0qcmkw8xXTkGi4grEAYgDrQHNBUowNAc/IVz8SBmsBXpXFC1+IPgAXKK4gc48MRWmyUfMgjm+CFc5B0vmydN+fmUI5MVt+Jb0n5A6aA5Ee2R5Fse2x/KdNQk8ov5DqzeeUH8j0+ezj4xzF26PIb+3x5HTW13D/AAMZbHcvgl8SeWxiOX9BHkH6CPI6y7feeckhl26XG4vgh5bLiOM9hHkK+3x5HdXb7f4rj+Ay2O2Wbk/iPLYxHnJduXIqnsGsj1S2u1X/AB182x1t7CytR+KL52d08Z8PFXNvOB1ey73ewXR6DnbyUsmj0ahbjlCK/wC1Bw5JfA57/wArExri1vX1T/bj4Z4bfW1cuL1ci7pR5DEqea+3e3OXTE7QFbiare2hKOeJlcqBjuJQyZ19Pv8AG/u6xnf13adOjV9K45MZWVxKYdyisJouhvbE/wASPZrvptxXDbT2TmGVqAejHmOrlqWTRGoNZm8RjN/JOnHmR23wY6hFcRtKGDLJfluVDTDPxMu2+pszlO/JTTyS4HTnbqsyie1nL8fzRm655Wbfo4/cE786ylpjxMV3tu1VGo6nzrU7lztEbnulUa12u1ayoY+v8t+blRcI21CEG6clRGnZwuN4qiOtHbWUskWK1bjkiz1pdyWLKiqvMvF1RXEDuwXE6TEc7mnIUy3NtcSqe/tR4i76zmrNNrxK1iyuRisWc6fc45Jmee7nPjgcPZ/K0146u2n8be89GvcXoydCiseRRrrmwqR4N/5O+22eHonqmswu9PIK0lakMmSe7f5S6Q1Y8g1QoTU92/4Txg1FnNx8agnJRVWZI3p3Lj0Ypczenut2mtPD9tvw0O7cXCgvUuc6GO/d38cbbp4cDI+89ws4bjaxuxX4oYM9ckrjcuq3J5tgObH+SdqeF9T27/zJtfNG6xu9juVXb7mFzwUlX5F8amVoB+lPhivAVwks0TFMgFAoFEBQUBDOkYucmoxWLbAgTBc732q2q9dTphSGJmvfyTbQp0LMrqaxlJqNPgXF+B12LoUvwnnpfyfczclbhGCyrpba+Jgv9z7jdjjcuXI1xbWlf/Sa8KmY9Xc+ntul25G2+Tkk/kZZdy7VCeh3qtZtJ0+bPM3Yyu0k5Q1LBybbl8KlEo9HVGUupX2uL4eRfD8nl+Hd3H8nhaclZ2baWU5ywfjSJiufybuM1W242VL2q3brL4OVTn3VY0JK3PqPHFlkXvLFvW0oxapCLxfmuRfHX4TNV3e5b/dy0yu3rtcEpT0r7KFF21ftv1KCbxfFp8sSy1C3dm+tJ+nFqMcPjQok4TurSupjRRdWipR02/p3cnOTuN0jRUS/xqPtFCMpXZQTUFVO42sf8viP3CF6304aYqKjgot0XwBZ+nexudW5JX6+lJ+n4jsKrClK6qzjagnV4405RfM7Xati79+W+vOTVX0tVK0/M6czndk2kr28VxJ6Ie6XOvA9PenG3FwjRfmph9xnfbC6zJL96uCwSyMc5kuTqUTmcpHRJzKpTBKRW2awmRchHIDYrZUFsDYGxWwmRqBsDYrkUNUVyElMqldS4jCLnMVzMs91bXGpW9xcn7IPzZrxMtbuCu8jOrW4n7npXgX29vpzdRiHVs2O23G5mlGkIcZSdEer2NnbbOFINTuP3XG19nI8jbUlSja8jXavXbbrGTfgcd9fLu3rcdnrnuI09yJ1q5Opw9vvNao8Ga4ybxTOV1sdJY6GuoHJLiY1Xmwp+JFy0alzDUpUnzDrkTBlZ8A0ZV1ZIHXfIYMrqEoijrvkD6hPiMGWnCgKoz9eKQr3C4JjA0aknkDqGb6jmB3lTMYGl3OYjmZuqudQO5V15DA9LqpkkTUyUZNJ6HJNUuYKt8QqIdKB0LiSi5jURKIgWiClEOCFbOW/u1nHVuaW8mqlwA2AB59vbts6TWQakqhaMlDnlcDqQHNUA4g0FyskJKYsp4DStiOBMtzCmVwrlJl8rVSt2mam64VK/eh7ZtFkO47mP4qiStMR22dJ7rO9S6y9o6Vrf7iSrWpau4X1mjl27k7fijTHdQ/FgejT3S/7YcdvX/8AGVt/uVzjEn9zlyMvWtPkBytPib8723Y8Z30av7p4AfdPAyPpcyuTtmbvt/0s10/5a5d2fIrl3iaMM5QRlu3I40MX2bf9Ok9ev/Lfd75JGaXe7k/acu9qm8AWrckY+z52dJ65/wAx0Jdyvy40DHdSlm2ZVbbLrdlmdt5jlqatCm8y61edaMqhZk8DXb2iiq41OFucrcQ6dR4tkjbHUTCWwUh0gJDULHK0URuiqQz7i7RURc4JM1Vur9XpTJtItNyKIQdyePxOhBRhFJHb0aZvlV9lknjBaT4FctvCeaRZqJq8T1ODDf7RtrvugvkczcfxbbSeqCcJc1gz0OrxBg82WbWcVPGPL/27vGy/8TeXKLKMnqX2jx7337bYbixDcRWbVYs9Lpg+AstvbnnFGp7L3kqXWONZ/lmzeG6sXLEuLa1L5o6O37n2vdU6N+Db4Vo/tJd7Vt7la20c6/8AxjbXHVR0vmjXnreZhnxdzpReMWB2W1TNcmedXZu57X/xd1cillFuq+TLI7/+Q7XC7CG4iuNNL+wv7bxTFdW727a3P3LEH8DLd7D22cXHpODeUk3VFdv+TwjhuttctPi0tS+w22O99s3GEL8U3wlg/tGPi1Ovw5/9ilbg4WL1IvNSVftM247N3GNOlcjNcVkeli7U1WLTXNEduLyH7vk6PHy7bettt2JSm1Rt4oxXIXLU9PQcZc5I927VFWpTKxC4quKmvEeV+DEeIu27r9U5xVc2syX5WJ2oW41Uo+51qpfA9fPtm0bq7K+Riufx3Zyk5QrBv4jz+TDz+0nc28J3YQVHhqriZ4xc563S3GtWlmeiufx2bTSvYPg8jDDsG8s3G3GNxPmXynyYrl7mancWucp21gk39xZCzdv9Pa2oUjPGOH3s61v+M3brTvyUYJ1os6cqnRtdt2vb05QbbfPH4InnOx40m3sw2G1jajml8fFmS7dqyzcX3Jtsw3Lhjm5a4gzuFMpVFlMrlM1hMmchXJIrlcEdxFwmVjkI5FE9xbjnIplu6+yLky4TLY5CSuJcTMlvLvtjpXiMu33Z/uzfkMTvRJ7q3HORTLdylhbi5GyHb7MeFX4l8bEI5IZhiuXp3dzhpQ0dhOWM22dXpxXAOknlV8WCGyhHKKLlYoaaIlCZq4UqyhlaXItUQ6RkwRW0WRSBQiaRFWJ6XVGmzunk8zI5KmGIut8hjJl2Y7jDEdXK8aHIt7lxweRphdUuOBzujUre5pfiB1UsTKpR8Rk1wJhVz3D4IXrP/wDAWi5koiYim6oOpTJYitImHIAu5JgrNkTYasBNLfMjixiUQCUfMmn4llFXIlOSGR6ioRKhVXkdXPA4kx5grTMFfE57+yat66WmqCoKkPNv7dq6TWQSAIccqJAEGQSAIAQUCQoFAOIxCWGVbgK4F1CUJhfKs7tiu0aaE0onVrzY3Y8BXYNulE0IZq+bnvbsV2JnR0InTRfLb5POOY7FwV7e4+Z1emidNDz2+V858OQ9pcYPoZvgdjpxJojyM+W3yfZPhyF29lke3nU0oKiT93yfb+GCGxiuBbHbRXA16SKNS4rN9lUqylwHUC3QiOKWRZGfPKtRDpGIXCZChAiylRFC3J0Rjm3NllyVWPt7Op1ZddbtcOnTWZC1YlFVpiPR1xVDfbtrKg8tvCSyPdp6rjo823smernJB0mi7spLGDM0oXoe5fEXXacwll4plAbQilTY2tskq2LkooNUijU0Mm6FymFuuJNSK/MKLlMGdHwElZjJYodSJqKMlzt9q4qSimc/cfxza3cdNHzR3agLMzio8tL+P7vbvVtNxO3ySbGV7+RbT8Ub8Vwksfmj0zSZXK1F8C+d/VMOA/5JfitG62so83HEqs932raUL8rTr7ZI71zZW5LGKMN/se1u5wXyLPZ8xPFssbq1etLp3Yzl5l8VWONGzztz+NqEtVi5K2+FGL0e/bTG1e6sVwlibm2tS616ixahdeKoW3dpbgqo87te/wC+2+G72z/1RNdz+V7WUcbc0/IuNccJ+7LXelC3Fs4e83eqTxw4A3/ebV6FbdUuKeDOHf305N6U2c/FvLVdvmWd9czHOW7uP0qiAtlfn75PyNYnyzlbc3duOcjPLe19qbNEO2QWa1eZohs4xyikXMMVzq7q57Y0XMdbK7LG5N+SOnGw0OrNCeRhzobCzHFqr8TRGzGOCikaukuQVBEzVxGZwayQyiy9qK4iSlGuGJAmkOkOtcCawBppmBpUI8eIjtrmwouUVxA5x4EVtE6a5FROoDU+YemMrXgRSapEqy1WlyCrfgBVi+AaF3TfIPRkxkwoouQ8JaS1WGMrAzDBrdxPwLk2VRtpMvhhgYrURN8hl4jqHEbpGcqroyY8i1QD02+BMqpo+IVB5su6dOAXBsmRRpDpLVboN06jKqFgR1LuniRQRMjvUY9peqjEox7SetHo15jleGv6dSVRXtVyNEPaMd/DW8yOPntOKwvaeAr2rOgTAzfT67/rGp7t53c36eS4g6MzpaVyBoiYv8X1Xs19+34c7pTJ0p8jo9OIOnExf4Xr/K//AKL8Od058iaJcjodKJOkjN/g69rV/wD0fhz9MuQKPkdDoonRRi/wfjZfvnw55Df0I8gPbR5Gb/C37bRfv1YSG17WPIV7RGb/AA/Z+F+7RkIantBfpHzMX+L7fhft0+Wche9rPmB7a4Zv8b2/81fs1+VJKFv09wHRucjN9Psn+u39l8tfmKyUH6c+QNE+TM317f8AN/suZ8lIHS+RKMnjfimQIQhMKNSJgIMIapGCpKlhhCEBWgEboZ7kx7kyjGTGMumsx1o24OcjoWbelIr29qiNluJ7PR6sOPt3NCNCxICQ57dZh5bQFlbhLNDkNYTLJd2UJYpGS5tbkMsUdYDinmc9vVrfw3PZtPy4rcovFUJqOrPbQlwM09nTGJy29W046uk9mt/DKqsZDO1KOaAZxWhQaAqkHUggpBoLqJqKHoSgmpkqwmDtIRpImIKBRajyEcIvgPQGAFUttCeaKLnb7DzgvkboyFnJDHRHHv8AaLM/wpIyy7Nai8EduTK5MnlYuHH/ALZZXAC7fbR1nHwK5Wq+A8zxc36KCYJbOKWDN8tv4idKSL5Hi57sRWRW7UlkjpO2+QkrTfAeSYc52bgPp7jOh0Z8AdOaL5GHO+ibeIfoWdDQ+IdFR5Uw530SD9GkdHQkTTEnlTDm/SrkH6dcjoOMUD0DNMMH075B+nfI3ViuAK14DNMMX074oPQZsxfAmiTGVwxqwwqwzarTGVqhMmGJWfAZWnwRt6QeiiZXDF0Aqw+RuVlIKtEzTDEtv4DqwbFBAaGauFMbbRYoVGoCjIBoXAlFkOkTSRS0BQegGELgBhbEcgBJitkchHMYHoasa03qRKIEpKCqeicuVroQuxpmN1I8zgXO4OEsBf7zaj7pNHpnDjZ+Xoda5h1Hno992nG6l5l9vu23n7b8X8SmHaqSpzI75S9s4v4li3kuafxCYroVJUwrePkMt54AbKkMq3kRlu4AaSFK3EHxGV2PMCwIiuRYyZAxCEAhCEAlESiIQAaUTTEJAF0R5E6ceQxCYi5pOlEHQiWEHjr8HlflS9vHkB7WPIvIZvr0v+sXz2+WZ7SPIV7OJrIZvo9d/wBYv2b/ACxvZoV7N8zcQzf43qv+q/dv8ue9rJcTNeThmdhpNHN36SrQ4+7+LpNbdejr6vbbtiufKTk6F+3tcSu1bqzfagkjzen19c139m+JhZbgXxQsKIsTR9DTXDybXIpBBqQx0YQAQFRCEIBCEIAkrUZGe5tU8jWQzdZWptY5ktvOImlrM6rimVT28Wcr6vh0ns+XPSGVC2e3ayKnCazOd1sbllGqBqQtAEyYPrFcgAqMrhHJkqwMBMhkwSYAFyFaBQYhAlAOKGJQik0oDRYKwEcUK7aLKAaQFXTiJK2X4CtjJhndsVwNDqxek2MphmeAtGa+igdLwLkwyOEmBWnU1u0TpMZMMytjxgi9WqE0DJhWraGUC1QDoJkwqUQ6S3SClBlSaQpDAbIBQIrYGA2AHQUADVQrYGDMA6wdRisGID6mK2wUYdICNist0VJoSAoo2DRJsvokK2B33Khh3d/gi29eojDN6nU9fr071599uzLe1Mx3bc5HT6dQOyjvHK5cK5tJMzz2UvE9G7C5CPbx5Doma809rfj7ZyXk2FfXQ9t6a/7mehe0g+Ar2UOQweVcOO97tb9t+fxdR13nvUP+ZvzR1nsIvgVy7fHkML5Vhj/Iu8xzmn5otj/J+68VD5Fr7cuQj7d4DFPNp238n3jklehHS+Kqdva9wlfSkmseR5tbBrga9pG7YknH28UXB5PU2p3G+Z0LTdMTkbDcqSVczrQaawJYSriCp0GqZVCEIBCEIBCEIBCEIBCEIBCEBiASC0YaAEhCNgR5HP3kdTN7dSmdpSZjeZ1w367jbLnWrLRphCRerVAqJx19WHTb2ZLCLLFEFGOjtI52gojBIVlCEIUAhCAQhCAQhCAQhCEEaTK5WossILJVlwx3NtyKZWpROiLKEWc9vXLw3PZe7mNUAbrliLMty0kcrpY6TaVSyEeAtTDQ1A2SoGwJUAKgqA2AKgqK2TKmchW2SjJQgWrJix9IaDAr0k0lmkKgMCuhKFugOgYMqdJFAu0gaLgyTQiaUMBsYCuINCG1CtgGiQKoVtiNgWSkqYCVFq2NSmYAAw1FxbIAyeZM34ElVgQWXgPGIWkUU4sOkeiRGwK9IUgsFUgJgQXULK5yAeqQsppLxKpTYqbeLAevFiOYG6itAdC5NyYscRWxonvnR41qRNJEMXIXSLpLCUCYVaCaC2hKDJhS4AcC/SDSXJhRoB00X6SaRlMKOmgq2XaSaRkwlqsHVYM6e23bVFLM50UXRaLkdu3cUkOcq1uHDN4G21uYyWZMLlpTGqVpp5DVMqYgKhAhCEAhCEAgCMFGQEhCASpKkoSgEJiEgAoQIABQlAkCpREIQCEIAAgJUGpAEgutAd1ImVwchS7yFe4XMZhitAKoyvcoR7knkvi26kB3EYHuJMV3Zsnkvi3u6hXfRgc5viCr5jypiNr3K5iPdIyUJQmauI0PdVKrl6qFwEm1QzeFiuUsQVEbxGR57ertjoNWTFhSGogK6EoPQKiMJlXpJoZbpDpGDKpQDpLKBSGDJFEOlDAYwBQmCI2I2wHqgNiVJqBgzYrYrkDUMrg1QNiOQHJkDVFcgUbDpARtsKjzHokK3UAeRGggbAFOZHTgTFgYEIAFQC5AqBi1KGchNRGKAW6ithdRWQBsWgQNgK0CoWxSiVBUjTJQDUh4sRDJnueNapDaiqoagWphqVJhqBZUNUV1JUKsJgJUlQHJQWoyZcphKEoNUlRkwCGQKoKYyYQaFyUHVMWoTWUw37fdp4M2wuKSOGnTFGmxunF0kOR1gplFq+pIuTrkSqYIoSAkAQgICEAhCEqgIQGpA1oLgxBHcQruoZMLSFDvoV7hEzFw0VQNSMr3HiI9wyeS+LY5oDurmYXfkI7snxHkYbnfQj3CMTm3xITNMRqe5Ee4ZRgSseZM1VrvSYruTfETXBcRXeggp6yfEhU9zBCvdRILqEoZpbyKzkkZ7ndLEPdcS+IMV0cAaoricW53/ZQ/5E/IyXf5Lt8dClN+CKuHpHdguIj3EEeUl/IN3cwtWWvFlf1feL2VIp8kT+xh6uW7iuNCqXcbSzmjzcdn3G6/1LkvuNVntE6rU2zN2nysn4dhdwhLJ1G+o1ZGex27RQ229tp4HLa2925iK41eJbGLLFaSG0UMeLXkRRGoNRBwNYTJaIg2ACohAVBUA1JUFQNkBqCotSBRbFYRaVIA2hW2xtIaIKrow6B8gMGSaSJDEoQAAzFqBKAog1FbAjYrCxagQDIxalEAGorZBGxSUIAGRBoyUAVitNj0IwK9JNIwrAVpAYzFbSAVihcityKPQ/Qx5E+hXI6VEGiPc8bmfQrkT6Fcjp0RNKA5n0S5E+i8Dp6UHTEDlfRA+iZ1dMSaIhXK+jYPo5HW0RJ04gctbSQHtJ8DrdOJOlEDj/S3OZPprnM6/SiToxA5H09wnQuHX6MSdFAcjo3SdK7yOt0EToIqOR07nIPTucjrdBE6C5DI5tqV62+LR0LF9ulRugiKzTFFyYaYyqhimDpgWqQBFcqDFF6TSJSGd1IDvIxTuSqV65MxlvDe76Ee4XMx1ZCZXEaXuBXfZSSqAd3pMDuSfESqJqIDqk+JBahSAJBowLFbqXCZZnKnARzlyNvQrwJ9P4FwmWDXLkBzmjofTLkJd20dJcGXHv8AcIWa9Saj5mK5/I9hDO8n5Yh75soyg6KrPMWuz3ZzeFFUxcTmukzZ0juT/lWzXsUpvwRRP+USl+3Zb8yqx2F4VOhZ7JbWaqZ89VxXNn33uNz2QUF8yr6vu93/AJGl4Kh6K32i0soo0w7dCPBGfs+Ivjfl5VbTuF733Jv4sut9juz97fxPVR2cFwLY7eK4Gfs2PGPN2v4/DCqNtrslmP4TtxtJcB1bRM7XuuI5cO12l+FGiGxtx4G1RGoiYGaO2guBYrMVwLSVLgKoUCkiNgqAwoNQNQBYrI2CpFGpKi1JUgIGwNi1CjUjAQCEqQhBCVBUlQJUgKgqASVBUDYBqByFqQKLYKgA2QFsUlQAEVjUBQBXUFGPREoBXRk0jkAShAsVgQBGxXKgBYjYHIV1YBchHMjQGihXNiNtj0I0BW6i0LGJJlHrfqFzJ9SuZkcfEGjxPT9jh4Nn1K5h+oXMxaPEml8x9h4N31C5h665mCj5ho+Y+xPrbuuuZOuuZgermT1cy/ZD63Q6yD1kc/1cyVlzH2Q+t0Osg9ZHPrLmFOXMfZD62/rIPWMKcuZKy5j7IeDd1kTrGGsuYazH2Q8G7qonVRirMmqY+yHg29VE6qMWqYdci/ZE8K29VE6qMeqRHKY84eDU7iIr6RhlOaK5XZl84nhXXjeixLs4tHJW6nF4knvcMWXyh41ouSSYnUijn399Qw3e5yWSZi1rDuu9FcRXuILiebl3O88kI9/fZFele5hzB9TDmecjur75lsL24fBjJh3vqIsZXkzjwnfZfDrMeUPGupG5EsjOJzoK6XQUx56p410I3IlkbiMUVMdax9kPCtquIPURkWoPqH2Q8GrqIS5cqimsiYsX2Q8GHd2eqym1sox4HRdtPMmhI4b9a6y4mGaG3iuBarSXAtogkwZVq2NoQxChdKDRAqSoBwJUAAGqSotQVGQ9QVE1AqTK4PUVsAADUFSAANRQkIoECCoAoSgagqBCVFbBUBqkqLUFQC2Ri1A2RRbFciYsDiyCaiagaQpAQNSEAhNJCVAlEBkbBUCEBUDkUFsFULqI2BHIVyI2K2AagqCojnyAdsVtCOTEbYFjaA5pFbqBoBncQjuVEaIqIosqK2K5CNhDOYjkQSRR6ipKikNZZNUlQBAlSEDQAEGoQCJBoAKYBoShCYjIJCEGQQgCEQGIxChaMlBiARINAVJUqI4opnAuqLJVLlGWcSiduptlAR2yeWFw5s7DZnubJyOz0kHoxHmeLhLt1S6HblyOx0YhVtIzdquI50NjFcC+OzjyNigFRJ1VmjtYrgWRspcC9JBogK1bQygEKYBSDQlSVKghEqGpcgkqLUlSZBbJUVsFSKYBNQNQBJUVyBUhg1QVFqSoU1SVFqSoBAQFQCQBKgEguoGoBgAqByANQahWwEU+oDYtSMCNgqShKACpCEIJUAaBoAtCUGAFQBANgRgI2K2QGoalbZNRRZUGoTUCoDuQrYtWDEAtiuQGKwDrJrYrAA9RWwNsVtgGpAVBUIjBQDkByCo2BsGIGAspAbC6IBQAEbFbKiMRhchHID1ISEKygagDQCBAMBCECUAYWpKkDkF1EqUMQFSBBqSoCAHUGopAHqQUIBIQJUQFBqEoAlCaSwDATSSg1QNkVKIlAMFSAgbIAKNQ1FIA1SC1JUBqk1CgAeoKi1JUBtRNQlSVAaoKgqCpFNUFQVIAakqKQBqkqKSoDVJUSpKgNUmoSpMQC5A1AxJQKlSVJQlABVkG0goAKBoEARKADQlCKBAgAlAEA2AagqBsRsB9QNRW5MFWQWOQjkChNLChVgdR9JNIFeJKD0IAEiUJUlWBKAoTUByCI0gUQG2BtkVGhWRsDYEdEV1xGdWLSgBbFYchatsolAMLElKgBbAxU28QSbKgSkhXIGOYGURsVsDZXJt4IuAzljgI5EowUCP/2Q==','admin',1,'2019-11-26 20:19:44','2023-01-22 21:36:47'),(55,'nesho','nesho@gmail.com','$2y$10$EIc7mYel10zCUUG/uU9wnOWTLz9t6v5ACXViziAYDo89pIxZben0S','data:image/png;base64,/9j/4AAQSkZJRgABAgAAAQABAAD/7QCcUGhvdG9zaG9wIDMuMAA4QklNBAQAAAAAAIAcAigAYkZCTUQwMTAwMGFjMTAzMDAwMDZlMGIwMDAwMGExNTAwMDA4NTE2MDAwMDA4MTgwMDAwNDAxZTAwMDBiZjJhMDAwMDdjMmMwMDAwNzMyZTAwMDA2NDMwMDAwMGM2NDUwMDAwHAJnABRPRjN4LVJHOFk0RXJmb1JuNmlyYv/iAhxJQ0NfUFJPRklMRQABAQAAAgxsY21zAhAAAG1udHJSR0IgWFlaIAfcAAEAGQADACkAOWFjc3BBUFBMAAAAAAAAAAAAAAAAAAAAAAAAAAAAAAAAAAD21gABAAAAANMtbGNtcwAAAAAAAAAAAAAAAAAAAAAAAAAAAAAAAAAAAAAAAAAAAAAAAAAAAAAAAAAAAAAACmRlc2MAAAD8AAAAXmNwcnQAAAFcAAAAC3d0cHQAAAFoAAAAFGJrcHQAAAF8AAAAFHJYWVoAAAGQAAAAFGdYWVoAAAGkAAAAFGJYWVoAAAG4AAAAFHJUUkMAAAHMAAAAQGdUUkMAAAHMAAAAQGJUUkMAAAHMAAAAQGRlc2MAAAAAAAAAA2MyAAAAAAAAAAAAAAAAAAAAAAAAAAAAAAAAAAAAAAAAAAAAAAAAAAAAAAAAAAAAAAAAAAAAAAAAAAAAAAAAAAAAAAAAAAAAAAAAAAAAAAAAAAAAAHRleHQAAAAARkIAAFhZWiAAAAAAAAD21gABAAAAANMtWFlaIAAAAAAAAAMWAAADMwAAAqRYWVogAAAAAAAAb6IAADj1AAADkFhZWiAAAAAAAABimQAAt4UAABjaWFlaIAAAAAAAACSgAAAPhAAAts9jdXJ2AAAAAAAAABoAAADLAckDYwWSCGsL9hA/FVEbNCHxKZAyGDuSRgVRd13ta3B6BYmxmnysab9908PpMP///9sAQwAEAwMDAwIEAwMDBAQEBQYKBgYFBQYMCAkHCg4MDw4ODA0NDxEWEw8QFRENDRMaExUXGBkZGQ8SGx0bGB0WGBkY/9sAQwEEBAQGBQYLBgYLGBANEBgYGBgYGBgYGBgYGBgYGBgYGBgYGBgYGBgYGBgYGBgYGBgYGBgYGBgYGBgYGBgYGBgY/8IAEQgBbQFtAwAiAAERAQIRAf/EABwAAAEFAQEBAAAAAAAAAAAAAAABAgMEBQYHCP/EABkBAAMBAQEAAAAAAAAAAAAAAAABAgMEBf/EABkBAAMBAQEAAAAAAAAAAAAAAAABAgMEBf/aAAwDAAABEQIRAAAB9sBerkAVAoAKKkiipoooCgmKkYTGTZTuZ/nXmcX67m+WxrT1a35BKq956j5n0VP0kvnPoTUoAxQKAAAAAAAAAAAAAAzFR3TyCgAqiBUVAKqEUBimOnr4Pj/KTp9E8D55DFsirItJSJ6cqsUU01OQer2/nNxP6M2vnr1UnsRFuQAAAAAAAAAAAAAM1RejkFFAFECipgKMBEZPz90/nMbK1iTrNExJcijxtdI2XE8cNzmoFiStKGn0HLacV7h1HiHstZ2wNcwAAAAAAAAAAAM9UdvyioqYooAKMFVCQWMqX85YdmpO6CMi5HMnmy4t+dY1tKOhDqNmsx19qKTbzHMO3h9CTodVVxsdveDK1uzgAKQAAAAAAAAAFBRdedFFEKKqRwoIoqDmOo4tP55rWK07xoEXY0K17PonnhkWs6wuE9Y3EuYrQGiBCqwuPVqPJdxyb9P2nBdrvzWQOvmAAAAAAAAAApKLeKKCBwoDkem1XCaeTeteAqvPq9isaRqE1o3adzLqke17pyo5ocjhKo5CI5go4HRuF7jh+syvtO68O9eg6UDu4gAAAAAAAAAKgjnkqizQ4VA5FGKgM+efobw4rzCCeEqEVVV+3SfnvbipDNIzXI1pMy3OlxrHjrVbTXED7UtRT6fCuSd9eZq433iovdwgAAAAAAAAAVVFmBVExQBVarHCOGeT+s8oq+aK1yk7aI9VadFcz2dNBUWl1lWVzasUrMu5PDasxoNWrUQTWbVKpqp1MFrscTvMXeA6+MAAAAAAAAACsqEyqtcmoKIUcMUBmNs4BXzdi9NiLajOzVCWrpQ5dFSy8bbFYkFWsrM0tiKWiatoV7itMkrcm1k6Mz6j0GVq45WAOnEAAAAEAUSBFgRA4npvlvRc/TNL5taz6A3vm/pIfu7uc6GG8RRjXFHhPE/Rfzzn2ZOnXcK42VJtiSI6RVaUPjsEyLG+lZu5rbmKWJqrQ0cjVUekdpxO3GG+ef3N8uzXzDUDuzzpifoT/GdBHpPA4JL7ODk5BeW32y9GVK7LIln6L5R2fQPO9KH7nY846/HXaVi1K+N+y0FXzBU6znl12nV5pT2o9atiSFuxFE2osWaUrdmFZHLR0bVnTx7kHpvnnd+e5kqwO2xsPikRK9j0nKkiEeqiesbnPJPif1YW6ysDRZFGFzSw7sPvoaljg7en6vzPY0z7gY/XHgPEPqv5+WvMlewak1RY1gdPXamWJzp6tkYkjrFKs63Coeo2Tuea1cecprFN2uCaebOmWakqLdZHjtwKA+ahLnpxM0Evdy2q7Ix7LKgTZtZFlPa3+Cdzb+q1ce1ydna9Z593HRy2fHvWPC9cuUh28E3V0BnrcrNAlnpWHU0EsKa2qc7V2ONFM0b3ytrnZcZ4bmtyuspu3KENu3DUpy+gfg6kmnTIy7NqrYT4GeJe7kz7WbLB1TMxdCxZzxOg+u3E2eo4jRNPT9by3Ez29Q83qVLx6rNr2Z1zmyVTS0QvFPJXeOYheU9zVTkkhlJ3am1xGJWI39PJfmouh79CnIqa6u6nYmpyyby0rMXbkqSVPCVp6W8tfGPKzYoSDssIikWEWdt9SduzLBI7giIZi1s4m3O9arYZHVWkdERJJWVxcWpLN3EqtVWdLP7CVi89fpb8dZzW0WnVnSrFujaAjtVVbpUthduZ1xNzgg4rP0IOvGk5r5FVbIW6tyLScgsV82aOdfo0m1IaSPjblp0cMEkdMIjo2a15NxR2FJrLbcnUlsyI7WSrZg8+sZU3V516tG9KKd5Des94eFFvpLw39HYT5y7v2JeFY13D8pW4vfhmP240YptvFgx9LKHJHXxM5aa7lS7UEDbayQLL6WWlPl0yOasbKKs21VAfJHLNDhUdRezFnOuc9F0cnqEHm0+ZtzOOeYLCzorS2Js6qdFnpdbkvLsb6qDnlRxTbTfU46xMoRPkYNY6WWO5lNipo0YCggKCJ6ejgbUbW3xyZdKubJNIjmjdLDKnIrXJbUBkPPDu0rm3K/J1sdzd08FgenzeX9tyXrpQm4ScY6QbO5FeZ6j5F16v6GMbcjO6DUyoWbkkaICMcgMa9gAhSUETW9QVPpZcTUy6bElV0aWyJ6tzoVlzuqytaFJlCsipYoa82/z23hociJUK+Fw+o63ynt+K+hIE89zJA5kqRAcflVE9vOSMSxUEBGqgIitAa5rGgjSoKgBAW7SVPfXCvRpqTZ1yNhiwhNPRiakiprWE8LUqLtZABrmgOYo12sO5kehrC/ybUciGI9yflqNT3s5BigqIAqK0Qig2tc0GgjSiKAAkKA1VAHSwg7iVhOVrVE9WqJQAcqKCIqMREE1kidJ6JPi6vl29EWG6WJU/LUY728XOjcNytQHAgOaNAaI0IrUlVAFABUEBytUFUBjkUByCblY4ThqseNEK6N7TWSMVI5ojoOi4vsuPSeSNvJVorOF5eqHs4qrFCQaoKIDVoggQErQAVAFEAUEBVQBzmKD1Yo3KgDhrgVEBSNGjc6NyTmOaqRFQLG7z0+b7x9U83Wy2B6X/xAAwEAABAwMDAgYBBAIDAQAAAAABAAIDBBESBRMhEDEGFCAiQEEyIzAzUBVCFiQlQ//aAAgBAAABBQL4V7KorqalbN4op8j4lKHih94/FEmcHiOikMNRDUN/o3OsnmsYWztdDqviNzXyTvlkzKyWSDyhKVBWPhk07xBmmuDm/wBDNqVDDUDV6CQa1WmJ0jrvJWSCuroOQemSEHTNZmp3Ueo09WPnV+o09BT6hrlTXuLxdkzmqZ75DdXv6Lq5QKBsWuVNVfqaXqu/83UK6KgpdSr5a2ry6F1kTfr26d0Ol0LIXCjJUVRmtK1LzUfyj28Tahv1pN+g6hALFYq3pBTTYxP99JVmnnp52VNP8mZ2MOoTb1Z0uuOgCYy6EfG2jEsFgsVirJveJgLSxzW+H64xT/J1F+1pjzco8dAg1NYmjpZWVlisVZEKy06b/sxUz2yEeXrNPqfM0fyPEDsdBd+SPdMCaEAh+y4KN2Lqerh85qkWGt6Xekm+R4mlDNDf+RX2EwcNQ639ZRWnvvXThuo0Gnl76eF+5H8fxfPy78j3+x3Z2HqHSysiEWohN4fRTmKngq84KSxh+P4mk3Nbf3PQd2Idbeq6MgCMoWa7uoWZy0b5I6nS6mGU/H8RNtrTke6CZ2ajIFvLdFt4ISBZIHglOcje9isXILSX2q67TxHNojxHqPx/FcG3qR7/AGh3b2L+LqxWLkGOQaUEEQiOfYEHtWTSre+H2VOmVL5KbS9iSs+P4xZ7XI9AmngNumxhcBGRoW4g9AoK3D+HWuAwoROs0OCgpnzTUs7KKfSaTbqPj67p3n6CUYvPQd8SmWs5+Ku5ywKsmhMTUApI+cE0WQQatHAbqElHD/yCnFo/j6lVij0+su6dw5TWXIbYOaU1l0AAjZWugxNb0anNuMUGoBAKkNpqyFslLFYw/H1ek85pczCU6M3tzAxOCsrKyxVujR0am9n8dAmqD+WKQP0+H+D9kTRGTo7xDRNUMomgyAXnqRR6vDNWMnje/wBJ7a3Rml1SThOHEP4OVlZW9Av0BTDy4NdH2QKaUxaSTLp7RZnqdJG1Agiqqo6WIVbm13+ZnTtUqXLdK/yVZiaqdyycoaiSEUWp1MRoNSjq3enVtPbX0VQx0cmP6UDulvT98W6BGXoOC0qm5k0VzGMOs6aFX6/Gj4iohHSa+5kh8Sxr/kciPiGoKqKyWpmbrFayOaqmnc1925G91DhluRBRyN3vMNWRc4SuUFVUQyUXiCUmOVkjL+jxNp2FW5piQOL2uuPVdDhNei9XWSyUbkxxbPpjiWk+66urq6urq6urprrG6yWy1CJYFYOQa9YFBl1SwsfURyz0TqWtiqG9auljq6XUKQ0tU+PJM4F+risln1F0AsVbo0e6/wCtpJJa4+66F0AUGuQY5YOWDltuW0Vt9MVE4ukmJah/FCSXjvL+ERGFK8ea3eMLPpNTTXBw6eI9O3qV87QgeEeFf23JKsFwFkFuLK69yLHlY4piH8mluayGJzJjIdtRjJm8fMO4jp5HPdL2iPsP8pc3FhsmoBMY5pc3I/6tEYQZzJZqi9yFg6mInjLXRkPbItO1FkZBDgnAOGv0MbNSj/BOUbkW9MAsEGLEIWQt0KZw0KFzY9NYSwuc56a9wGBz99m9sboNWIWIQwW5Yh6Z/LOMUwfox/y/cv4QfhdRVGy+DUgQGROUpjLtKbPfpro/9d0WD+h4N/b9goK6cSgmq6JX+gKedij8y7KGckxAASzPZJuARten1TiYqgNEvuO57OyagmuO5I4vW9txRudfOTJ5dZhCxKdKGlkrVTz5B23I7Sq0RQxyslbLK2GHUtRbU1rxnEfa7LnNX6BAq6PdAq6uv/lTsymr6kSz3TO8cnDrPZe5lkV0CopEe/8As3oHSZSBye45RcoKZoLYW3fO/aizJQkcoKySB8VWGx6c6PaGs0+nwVPiw1EFRMJJYJLxSjm6ugUV2V1l1BV03lGAjTpH+WpL8jkg2ax9kyQFryQ+/N+jTyCcL8gq69uc0oTnXcx9iKq4Mxco5cTUPbLI9yB5But5mD9QtT5kousL8wSHcl/JwV+oPH199eyhu6VxjipaiQySJve6BTX83uvtXTXcscXL7ugeE49L2QdwHcXcrlX5V0AEFdPd7rpjjm5FOCvZXV0CroK6vZF6om7ktXO6WaW4ddAq6v0aQncG6um8qIW6WKCJ4J9DT0crq6umG6sb4lP4co2Pe9/APQhFqvwCrrIq6uqenkqZqaAUs+ZMsnL7GyurpoLi0WTrYtsSGtzyjamSNQkatwHoYzZ3oafcwNImbz0CgFyCM5JmsL/1FDAXuvjG/wBJasLKxVnLFyaznQmg1M4azUWSNLsWEvaMrNyczlrRiFZSfldXQuU3uLoBy7IyOvM23QAlYlMiC/1PKkYGgC6sopGtbvsykIlcKnabHM98uV07026WVlZDvoh/72o/yx5B7jLlacnZqEynqHDydRdlFOXChCNEwkUUKFHTpsFO0BsIQLVbJCLhzrPMxKJyIe5oydfNyzcruXPQC5MJWEbU5/JKiNntPF/WPRpDi2aSRgpp5tiOmrI5jE/S1qRhkj23E+WktsvzbG1oWVk2okUG4WdzcBb0YQqYwjRzOd5GVR0r415FxXkAvIRryUKFHShGmpU6GkY2WogCfI56ur9B3jN2eseil9lHVn/zYKjcpaN/uqZHxT09eWybsJThPcQ1ZQppV5eJBlO1CbBGqnKMspWTlkslm9bj1uvW65ZPQbKVtyp/6YfVlPe9x9UD+B+0FHyyvksATHUTfpz13uenSkxUmqTU6gq4qpF1juLcW4txZrJZIErKBZ063IlvMW+5GqexSVr3J8hcj+wx2LmG/rCHQKB361c42qBaa+7Ry+/TurXuaaOvFTGQ/MRvK2lthYBWCv02StsrBOcyMSVrkXouVz+1DJZByurq6+ut0Cg7GKsLXKrHvhdi6MDy/X7Dix9PqHvDgRwrhZLLpdbBUrIYxJUcucSif3opUHdA5Byurq6yTVLJZZblRPymmzs8I3fl1+gVp0+5Tq4V1cLILIJ+oOKdKXEuPwY5sUHB3QFXRKuroOspJLkOwYX8XRfdh9WmyY1PPT7sVYqxV/iNcWltQmvBTXcOXZXTpbAuur+gr69FM7GqyCzCyCyHW/xxI4LzEiMzyi4n91ps+GTOBW5+xf8Aoh6x3oXXguvq39GPQeo700hZPisSrAK/Fx/Qj1FDvljJDK19Pkswrq1/6codyffpsoVrnELEK39P9Dv/AL07yybPm5KBKuV//8QAIxEAAgIBBQEAAwEBAAAAAAAAAAECERADEiAhMDETQFEEMv/aAAgBAhEBPwHxULFpo/Gh6f8ACq+/oxgKGEMoocK794RKKKKKKKI/wnDb6ViOEjaUUUOJH6amn0NVzrihCILDLLLGKW5H+iFO/CiiiiKKERLPpRQxs02aruHosIui2WxPDNqI9M1F1zorgsJEUWkbmWMZtxqdQ8qxH6ThRAXJrE/+fCxPhpS3IapixQ0UNFkkatlM2s2s2M2iRRtKIji1iEtrH2rIkRsvDWLJVQ2bjei0OWO8x6F2icP5iOpRF2J5sbzrFcVHjpzoi7NRdjIfMNiHhiJvvCjihR4JFYUmfUNUaI1lFY1XtWVLNlk3hOhvCdC1C7NE+jjWEWIk7lxvF+EEIWNtn4z8aH8H9xRtKKKNpZZZZeUIjwsbGrOhoSKEWXiihR4wYuL+CGbhOzvhXguiEyxMsslIf0llP1TFMUhzHMcsXyr0svhXCivW/Ffrp4s//8QAJBEAAgIBBAIDAQEBAAAAAAAAAAECERADEiAhMDETQEEEUTL/2gAIAQERAT8B8Nm4cmbi/ouRfJS87zeLLxIhO/JY8sseLEyfohPsTtc7zeGPDeaKKxKOyR/PO+vBeLLHh8LLLxqro047Z+R4ZWOhlZnHcjTtPyPDGUUVhYl6I9z8kiLHxWLJejS/657T4xw8F4TLGNml7LLNxvNxZuNxZIUrwyxliWUWM0/bKKK5y7H0yEv9LEux8bLxB9svFl434tZ1IpjRD0RZIoXFsjEb2ilZ7H0SleG8WhvGxM2d4XGxsh28URjWGVxeXHDxeGUSZGNLFcZDzRQiyQx53Fj9l9Dmbz5UvZ8sT5UfKbiiimd424Yx8a7F6JQb7GpIk5FP/SMkj5UfKWy2Wd8Wh8f3ERxTNX+f9Q1Wexa0mRhL9F0XxY0Pgo/p+Ec/06fVrhGCj68TRtNptK46iuI19Zmpp1Ior6uvH9+vONocSj//xAA3EAABAwIDBgUCBQQCAwAAAAABAAIRAyEQEjEgIjJAQVEEEzBhcYGRFCMzUKE0QlJiJJJTcrH/2gAIAQAABj8C5Oa9ZjPk3UU6VQj5hbvhaUe5X9PQ+6vQplvs4qKual83CzUarXj2P7JbVZ/MpuH+OVeZMDrKdR8FYf8Ak6ove4ucepWuOuGZr3NPcIM8VB/3CDmmQf2L8zxLJ7aq1X7heXSq/l1PdW09CR/Cyzmb/iVDTlf/AInn/MrPv0b3R3/Kp/4yrOct1ylztq2F1ZSELwe68iuYqD+edNWofgI1Xn49vXzN16hNcIa5uhC8qraq3+ec8hmlPa19KW6qW/ZCsO902tTMg80XFPqDryObqNVDP7+q/DVDuO0+earP7NJ5Jjap3TulVGNglm7fsskw5vVNeeLQ8zX+Ni3rSqLmuDvOpgOHumlzgG1G6lfh3OBzX5l7errI8lSa76XTMzj5zLSg+pxiwlTzFHw8/wCxR5IKqW3hMyEuymDJ1VhHMPHRsDlHU/MmWqo3N9E5lM3jMeYrcpB7JnjaXA87wTGlha54I+eY83o8bUDHT0ggZTqNRuZgtpK/LP6Z5ig/5HI6YXQbTEuOiuN/he3qFVrh4ex/CY5ghtnNuFGxI2NNvTYYU41ZJfvN7KOYdVLc3QBOfAEmbYjCyly09LTASqXiG8TLymkdRzFSkOLUfKPdaYTyAUyDCb8elkD25u2MRUP0TagEB11qE7/k0t3XeQpUqjXjqQsrTJ26loY/eGE+rOy9v/xAbe89o+qkXWZ5udAvxViSrMYFxAfC1Ky/iasf+y3qrz8ldUQ2xK1O9/cixnTrtFv944SnMcIIsio9SBsQqozWBkyv6pv0lNb4J5Pd0LdFRzvhVHeID3h3CJ0VvDO/7K1Bv3VqVMLzKjroMbUAAHZTVqF3zsS+IHdatWdy0KmCrUys9MFpQb4lgA7hBzTOz+JaN1+vyu/pThbYhNgrxAi0aI+pqv0l+kFwtXRcS4iuIlNaZVjmYrG+w6jUEgp1F40/lduRqO/xZFkcdFpta4kFDLgZx1TbruF5lB0FeX4jdPdSMT4mkJe3p3UQZ9LXHXC+Faq4uhrNEYb91ZkqYWSAiQEcysYWqmVrsTmC3qgX6llZ5WpXDKuxaK25FgCr2WV4+qPh6u7exKkYQVW8tsddiPTOFXrmXCtFDVmtKubKQYWq12IbhCkbcm6/Ngjo1Z6Z+iyVNe6M1ZpDTvjU9wE4dMZ9SyZmMTfA5sIAsrq+ijorrMDZRsTlKs37q4Way6LefCgVFxlRmlB0whBsjlIEIh2k6qWGU6q8wGiSn1jYGzVI9cIhhOQYfGAdOGUaYwrbHEhvFROAxyzdSoXdGpEl6OYou4wT0TqNPwwbmtJvAVuiy+rCbVyG54llnefs5SUYdbZvsTKEKVKsFqvdT2UYXTGxOVGnTGquVOAaPVAU1JIaLAnqpPK2K4uWEOh06Lym6MO3fmYa0lRsW2wymJXlQHP6u7J/u5G/o3NlY7Om3I2JwgqWhb4IaFAt2G3bYugOyrdIlGFdWwkL39HTCFOGmE4zmxuVMqQbdystL/sVvOJ9UKtU9itCtCuB/wBlPluXDHyuFbxa1XqrjV6i1JXAVan/AArM/hcL/sv0nnDRaKBhqtTsaqZEd1eoHewVhA9dz+gCfVfovMFNjmoZ2OYO8Sruq1PaITBQ8O2iB9yrSuIBRnEd1d2YrphDRP0U1WZVwrotV1XRcTUTLCfdSagV6q/UK4nK4cVanClzIHuoo0W/JVzyLyNSnN/1T/DvueiNJygPW8SflDeyyrMn4XAB8lb1RrVvVyfhcJd8r8umAtVdyu5a4abGq1XVb9T6KGfcqXGduPUawQsoNi/KpHdNqt0KZUGhGAaSspOZq3XQ/sVB29FphwrgVqatT/hX3VYwOWzdrqh7klFe4TXD+3YzNMFeXV/UUC4wvhotMNVwBaNC1Clzx9FFMwpN/Uj0z72XhgNQpXsqtM/OyHNN0C76qZWu1+oVNSqV+WCB7q59eD6QCBOjVOBPtt5eox02N0QpN+Sg6K3oEr3OIG3HdXx15ey3lY7OvqMPutOdsVr64TThqtf2uOy1/bcvfG/7XKa79tKNN2Gq1Wv7SU0jHXD/xAAqEAEAAgICAgEDBQADAQEAAAABABEhMRBBUWFxIIGRMEChscHR4fBQ8f/aAAgBAAABPyHgnf634iI9ayEL4Ny/87Bv99wV0Pbf7mEpPnPxlp/cCE/n/BPv1a/+I+JF6FqBheZvMem5ZFY+CCFVu2Xx4m3viZZghC5zAQzis6afaETftzHdJ1VSfJDxmsTv/wCCoFuoiDg1f8SmqX5SKL+VrSXwopJZimkF1cS5R7lyE9wfy+0w/HhmFM3v/wC4fvkwCmDcfFdD/wA3NgPbNwDMw78xZ3cWq4D7TAZleFkjPRnMSRn42GofgwX+zdfV1OuRhnXYviK7TQ6HiKcsFvc0rnan4gXKtDzuKqH1BrTDKov/AMSxZKl+EFN0sHP3mPKn4ef2RK+nvlVaF6A+/cvZixMUlnuUSMkVcVwzOpTcBlDmNooxCb7/ANSzRDZuFAHf7Lr9ANUC4R5Ba+8XuWzagi+FwqsHOPAlIHiNXU21MeplLHUVb1KpO34RdoF9pvxduuHf7Tr6DRf+MlxHxFSC6GAvi1TDA4Mbxl4fXFDCyTHPQxmU6VvLX9y0ygsYp2MsyU0+f21c2U7nFR3FF1iO7hqil+5cXizUZRUZ6I1ZzKcLwGe8/P8AEMyRXqx/xAAKcvf7iozNoeNhGDniYlcCXnhcHGpcblsb4YNy7XkvSmXLr76pTDGZaT0IIHZh+T9mSpUqViHW8v6D/eZduE4MAktDUE81LxAZTw0TLh6eRb6yQ4QIwuATr3uUNPxIY7rXbR/ZhA5damcMA/ib5uM74tZ7kIBWSANLB4xUINSs2TFam8KEUL7YL5G40y9LdWd0zAogA/WOKgSpX0OpZ3tP6JkzqiZgzwLEA4jlK8tweJ7hwVMXVxPaHiZR0wOLg7H/AITtqCYDxLHjbo7v+P1eocH1WcL/AOTIYZd8hR/Ij4zHdMvixqGlyGY4BkwYD7lShnrxZ4F1GvNsOA+PEOOW1Fef1Q/Twk/8E34PmLxAfNizYtJgmobgfEs6hMMozdDP2ltEV0noo4VsjL0YHmO7i/8Abqmyehp+0OepYraIqKrMMcHEpIGBqJWNwxUfI+0I10Go4ZYKYLlxN0JYYDpKsJxQzRmojCjU14MJwVn9n39HUv330VYE9yoMFyykCp7NArqAbNQew8Mw4Ll+kzTJcCuFKxrMkpjP4nrJlyhSRuo9BWfsDipX0ppI+2ggdIXKF46hpGDgUMY4EFeEqVBMqsyZIIxYizMExhlJIGYaH0/SsFDq54UNsWQwx0jhAUGO0HywdB5ClE2Dh0phVC4fSLZKquX7+5S2IL5ISBcODJgAxmD5maYDgTOW45i3a1CrcqjsxdniKKnqo9RFfWjSvsEBpR7I96x5GP6JLWiLf6zFsD9I+U+WFMEMAIi/5RYKaUsg7E2PuWr1LYsTLuXL+iiVZ/AxiSFHhjaolBaJfCp3OotS/sgwEXcKmDM10wxbpYYhc4PmP9nWFQHZ8F/kNcl5sa8Zmtv1QtmttjH/AEwRTO131hn94xcJ9NEqOAKMsWjVpgbyTyJh3FalSMavI47mQMfEMVL3qWlu2EAxyocGOxqab8uysNGHxCL4SzMqqe94/wC0KrRlA8COeO44Itssqb9xC6Tyx24uMtGxUz2mMTMsBRlg2/xPOGZ78CCD6gB5S7ALh/dgGohmDhTiv2jjNftKMsigKTT5lpX+mY0+sH3zVLf4l/ZeHwh6RqwFwbdxwTPVxzoYrUthbuCk8/BqRDFZihZqPENRigeUTNd3mfdMmmL7cJ4E9EH6nwQpywt1ZTUAwUMEYh/VLgXFGexBGxBrWOE3w9o9SlB9ruWkE4YverHSMYHYSWB8xcxYpM7jFG/MC3OobMQlX4nwQ6rYfGbGp4IUYbhvImafcJ4Rh3LKD3BU3YAMD4mtInrBBKmI2lvwg7/lEbjHMyh2vEd9SmJ81jFQqaofaiOwwex95cof3RCoCElQRSbkyy6l9pQ3oGhRltkvAJwpCxjiFXA+I1I9TBhilmZDpZvDMViwPtg+IFPdH98fU9JkrjydwUaZCOKfxKi6VKqDDQeyKqDAkLi1MBMJlWVhvNS1oRYtaN7i9ss3uCYECYze8Q7zJ1EkmUwM9PiP8g0G5U0WKjB4OoWg7zNuOpjOlRGDayZgk0Eo5TygRFS08iJiGszKNqDb6i3W0QdwYf1F2n8xoRNmM5qFTfZEhWUi2ra5laYgqO18THoeEAA+INWtrBeWaagHiQrKQqgPzFed1xGFIypFcjdNYxuMs2bg5fpKr2EuFDn2SkEepcQRPUv6wiqwQrK/ceB1FwZZzGpLuPM9kzKjvSZNTFNfEvdmSWno9TIWi8vqa0zBd+8QFzO0I3cpNQK6mromDHT+ZtFszUOrtwV4pdwqlxFbLClqJvBqJrllREuXcDAjCPa8RR2JWy3CT0dM+XlwtUG/FTt2wMtnfxY//RPE2E8uolyizE2lm4s1dyylZhBlH55c8RfJDsRQs3MQHcd1G1txQAQm2Nzc0+ICJC3JhFxTaVx3hTCUFwxlwXlt1HkfYnmTzA6YGmCAtBUC6YPEr2hHwhdaFdXDUr3fEdgfvM2PiXcpQDE2yzJMHVQa7uLm9SyB2g1lN5YXm9QExLp94KAt9EZVGN1Lza5i+IprKWIXGKEWLhFF/EzjCzgphhpF6hRKLEutFeiU7UbWWDm3UpVXw2nB2nRL3ABPO47B9TSXwW0zhhhihRG20i8zTqBjwy0HoUu/bHVRUfbMC5mUphYlINNRpSh06hlwC6J3mVZfcp6mkCLnUdTqdVM1TPiWGfCUZ4xHUcXMK9MCllS8QkIvKGoACuIs54FjHaYZYiVhl7uFGpvvMtFytfsR3iH/ABCXgAsf5hkblYhh4irXGLEoT3BRWiYoY6FBdzrXNaAhslzUBGkqWw1NHEs0HJuXVy8RZnSaJYX/ADMiPtG5CpZchPuBxJdHRENR3CVPmAmpbJTvC2Xusy3xLzOhZliss9rDPxCS3eWBm73UHQFSuiZ+JnJiUOiDW6uGe4vOacDkBlylMa6Z52CikjdVXBQJXcFxFzTubhuFFQlBTRN9GZDYQo5S4gC4bRGHcMUB5C2KG08sEriudzrnKViAh5zSCFK7DyRVbuBsXfaaIz0QxqMLQLc4dL8mGkT5gPN6l8CfLOs/aHLfsI4rglBMn2nFuj/i6WmIMCMR+t8cFF7XCvClpJR2x8mYTc64HmBoM+zREo/+V3GcXwEySlZgMbE74r6PhAJUJYCojFH2n2hAiB2cCBou+Ijx6Ib+aoKAgYLc8sbloQoQ8dYIDcFOy/iDwn4glsvFZZWWAeaxO2b9QWlhi0D5g2w+8fsAoekWOS9Q/wCogBn8UNa0/tBjwMLu9yhH2J+Irim6HtGzGJAykYMHgmIyphDErEDMsNaa+J5He0V1SbRzErLMh9QBWe0qLJpemAIhdOcoA9yiKP8AWgT9mE7Te0N5fzHNCbR/Mzf6cPynrkTdE9BLdUy3UWKKC93+Ii2l8MsK5PkuWIry5jcuL9MK2GJioQJXB746mTLPALmUyKX4EtZVRbCssRMO6dyzgE/MYluV3dH1rPQj0j7VNNyiT4rLunKUtFUvu4hq33njLKdH4gm77RrpA1L6ZgXUUWK/UgMI3DXAw/PDMN8BxwxaAH+EfumJt7iT7mABtLxc6jCjQzZC2tp8xbWjruCZP5mOIL85gPWUaHDE47D+WBkQzMaA3oTMYPMZbLMV1LI3GJ9Vy3dlxNZSEbh98DwyT22XlIXBudTG3lHLYqk7qLLl1D8AaSJhxce0BnF4sWJtLMvgd0qafocsyDzBZit2Mwxl8PDH6LncMeo4kQS5fBYa+l9rvMCEcxKqUp6JUyoHdOB4uOYQYl+NnfBvHsnsuPiiaVf5jlFeWIJf1v19TuItsH27l1xmEz8TOFwkVMwRreIZRw+pvM0cmoxKt0ZpfDe0eqOq57IxdS5qXFjmPHfDv9G0JJYYfcmWFlkG5XCVGURf5LO4sIM053iDxniOyyQ8CT8U9jPiHsmBLly8S8S/oeH9A5GbtJ8idoTbMuEudQhuMNcdQ3xcPcqQLqVbnUaYh9xsoWnZcErNTqXLzL+t/YdfWeEnfC5jwl4nKjhdSDdrIe2ZuXUvm5i+L4Xh4eOv0+p39ZYM75O5oiluKTJyQouULWZhgwqncvHN/Q8P6XUPox9A8X74LmG53HUeGQi1DkqX4zWYgN4nouZ9QQv/AGd8j9T+sMv6L+g4vPPc0muXfHEYfkibDEfAuWGzPX63fL+mfpM7h3x3OoR3w08O2q5ZGIoyy4wg7n//2gAMAwAAARECEQAAEAgpJ6qADFNpYRzg4AAAAAAACAIA0hBgHqACUCbAAAAAAAAN6A2OAgEDxGeIDEMgAAAAAACQkVEAgqjoAAtmxBEgAAAAACCYoCtS9hDcosChQJgAAAAAIBoifSKgRMUDf03hEAAAAAAGNI4hmAGigE2EpwczKAAAAAGx7/CAgGCjAE+xjktgAAAAAAcg2g9BhYkEI6RIlEAAAAAgkaP5wkDRI+LFxyIHgwKAOGJYX3r5Jg2E+MMQAhNXZlvmxygFIByzhHCFMwKVJzE1BR3YEiSM3igghAIaeGlmu0eECIVhCSEAKyoAiR0YVE8QsLFBIhhlBjAhsTsFBLJW3MURLQV6CAhJQJLzAEuASABC1FoQ7F0MdAMkYxQkIbAA4Ylo0L85NUsoaq6C7ZMgjCCgISgDA5wXus6gUEQuVhVq3pfSgAAgswiE2WyhAeYhBWBZCWuEIlfsyAxAHsAPBVML0lYoVNnCdJgQruyGgCJFAHRYAVbBLdi0OwcoEIgaGEcFQzpDAQACISQTBAkO4ef/xAAgEQADAAMAAgMBAQAAAAAAAAAAAREQITEgQTBRYXGB/9oACAECEQE/EMzKWW7PBSRHsVoEvkhCCVGeyBBBKIbIdo58MIQWVSiCwJyyikbfgsq+CYhMEtnAqWENCCChpDLKOaP4E8Nn4QkhZ4COjpfRI88yLBtyrEaDobosSCByei8n1eaQtkEQUjYkEiFOCR6KdKLRs9mkxDd+aCdDWENBMoU0xo6K+hOcURv2QhDPzLCtkwglRMZwLTgSS6h/hB7QtuDEsVo/vzX6MImyp8xzgiQnAlFkICpR40qQ/I/AThoNVsSMwNGJuLKOohNQb7wSsVbUPYk0P2Y3UQRkEcFrCEGpMTdgNTo5IdBI97FBQOw9o4SWGjpBKiIbIeyDdBQ3RJocJ4HGhcEHM9KjU4QKQ/oaf0VjWJ2zgrwc3FhsmiB0Rt3Bp2GgR78TRCZs0azEpaO4iEobKUnsa4GZXBT2PZSlEJxDEcNBUox0Q9kEJizg5KQwkwaaHRiTfBMUyoX9FMoggSEEi2Q6Hqw5hPDQxDFTQwaizT2Rj/gjYhEJn1GhcsumN6OqJsS4bJjJjpMoaqIaFiMMaIaDgmPtKXFflBaKQJ9FsYhCRZl9s2LhfEuIQ0Jlwoe/BzKSCwXi2N4vguHinc76OG/Gl8L4XLFmTG9H8H//xAAfEQADAAMBAAMBAQAAAAAAAAAAAREQITEgMEFRYXH/2gAIAQERAT8QpcUuLhr9H+S8BfoSP5WXDcIcG7Foby9cFvT+G4vhqNlwbyWiTZwP4aUuDaHwtGht5DSkLpEhr4F8Hg2huYkbfgdUNobz+6sKPA+4dwaEVEECwQ9iS1x+2NlKU6TKbHRpdyfoVIzQDoJ+6Mvk0GFXSMJoWEv0NGaHUPgZUUpotCWhykbEhCC1kdPNKboX9DFw2tMTOoajG9ELgn4BMIpkEjQSM2YzB/gTodStCNCw2IwYoJJGmMaEdOYosbkgu51hYZyIrobYSjQtkEkQh0MUmM25hohIxuDg1gqGMhyehgq022PA9CIPRooqVlFQhKh/ZlbkGsIgnGWFJaGrsSAmX8n+DOxjzYSQRRSIddKBiVCguhJ4SwgkxnRqCwehDohoKaiFJhBiDNGnrBPzCTFSHGD0EuThRsWaGUkEf4L+j7QZP6Bfwbjb6LEEEZV6JJG2R4aIOlEaCWGMeUaUSSP1Q6TGjmEsSfmFKUZI6HmCSgextCCPE3R43gziHNsaIslh7NibEGQmAkL3iC9ImyM2IInhYWWio8CwJCUHiomQbKzfpLxczxcQSqFDF+i+CEITFw4Nf0XufJcW0NWP/8QAKRABAAICAgICAgEEAwEAAAAAAQARITFBUWFxEIGRobEgMMHRQOHw8f/aAAgBAAABPxAA+NvgfAfFfB8GYEN/BrUDp9GYxc9F3+o0MVfhQ2vxDhc6n5YNPAECSBw3f2m/shbKbCDX4IkF05g+zGQHNZ+TL9QIy8lT2cQzNwPg+K/vG4EMsCnXxUCGYFTcD+ghBxWx9szAECh0st+yJzuOQx2PmamHTL/gl8UG6TvP+I5H/wAy1W8rgt16YKW8CXbwvCZb6ii3msS680LA/E+z8SzgBrB2Pwb/AOCbhllVC4agf0E3AlPwoYBtWiLFGUmN/R+4mqjH8lqDXOgVa3Qf5goqHC8zlo8jEV1qAwVqCz+CDF3H5e3UOVLm/wATUGCj80FuYuOPXA8k/b/gkMwIbhr5JqAOZRD4X0FjrdH+5mhZRZTpE2jT5AKb8b/dRXCu3MEh7W0twOU6wNy7xcTH6XuGYotgB/LAHbBdh7jgr96lPMBAuZMAjiialEDLAiOHzBH/AKlZv++agfAnFw38H9BrNRIJedl6HWeeNx5svTsaH/lmTGKoBrviDIqwuDxWPcDC/s5hvO9Spk25eoItquO5RaB9wNhXglVieuYLYEIC/wC5S8r5UgTglQCaFzCqeUrVWkM5/vhKgefgHwEN/KmWSxXPU54d11Y0/X4j0LE4hYjWjmX1bV4IPhRNAvVxqo35mcYTAOZc2VXDxKrRBqkNAmNd/iPUvzBCPQcxA4Tj0PSUT2oKHCymWdTp5P7+KxDfxcEPgPghLtLarrmLja27Uv8AiUnlFIfuEA5PTxL8H1LMBviKDDAoP2nofqAwRiLEtt9o3XSorII7MVlbNwE4Ys57VKamo5K4jjWOp3Y93Lusf3hDUYQJXwaSisfNAUvHswiEu8tnTcaLAUpVxzoeIrW2X5SX5EEqcSsJ2P4lsb0g7gbqV6/UHUXMGjMvFrm2YF/siC9MeONbMFD1Lh28ANeXh34l8gSxYjn7/wCCQ+Ahn4BAqKoyp+UI0d6jzSI0uJxq7ZbSVhqMYFBDcEDgpE/9wFqfX5lhgQn/AMmAY+4awzmg9SDZTzxHDAIKvH8EHcH10HJ0FX2m+FJyAsAvVc0ZGD/dqVKgQOplgTcqA8wtFjsV9ov6JWzWf/fxFgGosqgOUtEQC3xF3FWK3FECdzHmC0zjjWo9ZTiK1yzj/MGwlZxEUG3CO8v7qAthDFtQ5DDnxLpF8IV5LM5NnUVAUa+Eqv8AP90/oIQTL4kubE8IW/8AHcaj3MAcMowQ9pYjmELYUlkmsWdQtS78xCrL2YYWUWYgOML8XBS5o/1GziYwuxX3OCO8vXpAjIvrkUdNFsUHOYheN/3dwJTAzAzA6i8/BUNTkhAk+GKC/wAw0l7YE6Eu7d/FqmuD3PCIp90yYv4ijSfc27ZQtGMPRiDaw7Yx2otsblZaqdAdviU56VtlUB4lKTFMBP8A4JYlTYAqjTec2/f97CAMrx8JBwlViEo6gukdwZZ6k6Mc7gfBcotLAy5SBktVKMjETQldctwTAKkVxBtjzAwOJSfMT4pkSi9NfiGRi8zFDOf4mPQrV64f5nHgbtpSKKB1nuU1xhU2Ivrp3/dIGcwCbQqVRD4NzJSxusYgC+BXt1/mGK+46wjcHmGodDMPoN9pmRZepfQ1wz7fiLso+pmUbhwZuNtiUaajyCmMvuVAiFEJTDo3cfOENdMVEgo0yKlGlNY+9y+2PM6CbqwzrjU9f3KIFQuA8zjcF5YMv4GszcXBM7vC1EijzdxP2iLYupSwhuDXEHB7lVxcWoVFPL7j5FIGQmmWdzGTrjaGCVwIq/u8wIQFy9zEmaYGKnI9JnLB+zuMUbz1Eor71pyiQxj+4Q3OIEqYl/AIEYowts5a1+IfYRo7FE/JOCYxKNNxOw5BNCeQyuFvoh9gDobiM2b5WLxaSrW+IlBORMRdxO2hkrzafSHE49w4pPDKMt+/z3DHDtyIAJpcEECDQKrGv7t1BxLg+Zb8DBBx8hyUmNaK3rma+BudWh4iYBcsU/iPR2c1Mc1eIqsepRDZMBT8TS9qL8UldncwEbjgCKnbfmCiGYScS2L2jDyL9JZKWDa1ccKlBaRkhC4HXZb/AHRl3Dc8ob8QtCAJR18XZHiTBfYH3r7gwZER8Y/SJGAno5gLDbmAEalNgrMb5PzBwPaLco3yyyEbqIcRkHCUZuIhWrwnMyhiA7ZhuQSxSKNwOAYs1dQCBCwHZZf9TKZTGLd0gU+peanHEvpIqAsfLAbAUyCeJlDDkD9sUayCter5laYt1QL73GRLQHXcdk43/QbPJUEMJEw8B6R/MAU7QwDJzNRWNxNILuU3wQNnwC7gjAKkKIgFZwFXBBRADBuVJYMVgiYefuBclVXKCgGLmR8zdOHLwfDB+WVhDhj9wQQrEEfxKcNhi2rUJzANchVYlr4S4H0JoGn8xLawzar7gRTgcCtURgX+z/KSgAvtiCHUnZLhhJCoYqcjCKW6pa3uA4phA/DqYAgn3Rr719xc5iNGE9f6nJAdywKFiGoLUUYzDgzyfg2QsACOOJlkEapvmKqNejw5i2/j3MJylAp+p9ijlKdCg6S19T8Uqj+I2LjmfRS7g5CGkXBtvBviJwYRqGcF8eYje9T+JjGV7EOBg3GX36kaICgNB0QCFr017mkVLFHo1Mk6ExgVRfJmMs6NLb1UDJCat+BLBzZQzzeKmQStSUtjsmWs1K6mpbUHetCAvk5mBgUp8iAgOx01AYW+AQ0Sm5fXhkYM59M+xjB2DiHUpcIk6iPhErmbt1EAs9PFKXXiKwuLQW3mZqyLlSVFwYXLDbUQaNkVxL8wgzh6l9KEtJqg4drGArIwlV9F61FXlBG/jeOQdQfcFywHLMFeyK03AFtJWFVCope2fpC2wOT0T+OAk/XfErEpOcy5HNkgVfrNIJTcm5gOS1wZxAbIl8rYnkQfqYNhOelPHfmZqlJh2usXLzMHLBLKJT0OIIoE0Mznq2YSX1BYGeYsJ1QXByMxBJ0Kt1czGahDWjrZHbWn3LQLXRKytyyb9uoLFRfEyB+CAzaIPLiUlfz+MmAUe4WwV3xDClDphjW13Cryzbm6A3BXAd1KUred8yyOmswiUajM5wESA5eZSULfkiFS8i1bEUAQ4l7hJQzYwcS1aiohiHPLXrf1L1uKQEenzDB0PxFB1DuInmBHhNQJLqCNHLm5yl+o6r9mHIAeo6x/ihVYF6zMl+eGNkl5Y64mZd/F2uPoZsM03mJNe2iW7+uZVFWyIRox4Zl6IWl5mAymDGwRoVAJkdR/IamBDvvEfujUs1imKmWUq+eZl4G4nr3RPXEIBgIhzknDUbn70ITl5cJgAPMQgAc00weFuDvfzMGJw0sq1twMx4cMoNk9Q52wZuXZABApHkiAswexC/tY2laTkN8w0RT6jBZZzCULLxGuNB/wBhCrs7zLGv4mZcV4nhQGgYQ6EumGJggWt3qYDTvGYoQUotMuMy5JdoqK4i/0SY7Dauo3dNqN6AZCU4AtYNwO8oZUaB4gs/KhCg8ljSQeZUADKG2sviHLyaqYC31DVhkvJDQSn4R+ieQSpNb7jBb1maiDo+0EMV5de2KKDTfl6qNR5o5R/wDYaimCs9uCK7yZi7XMzK9+wn+JnlrUyC/cZh75lCFzNwpqUZEhufqKVGYhoinYm4uO4QuEVgO+ZeqVXEWgYNTKl9JbuVptp5HHMcdLdKKvDi1lkr4kvDlZ2lmTinMckLQe5Zp6A3EgbRwgbcMZZY8WqWz38liZlf5lCpaJUm9ZYOKjmAxTXMZs6kwWlA7JfJnIZYq3z0SkKHPUZkZNu5gFAae5em1WHPuHlazl58+YqVvDtvx9Q88Gldf6g3lF4BbHLRF3GK68qsowKW0lx2qgBRxLP/QgWG3iOTGXuCYGtzVw6gMjmFQwKB+DFBdy6L+0WsQsHkspOIHWwAysFpoFLTFtPV8TCcvLHmDWWIsKxnuNFRtygifSW4PMpsDanLuDy2ysA8p+W139TWXlHD4NwEFQPdQAgHOMRgYjiIuHgDxKCBnuMa6DN5iDGnLKg4FawRcdempcTRm3uWBpFmwYEweaiCKayo9wwzRDgay+ZQnShRjBKbDbsJteGn8w0hCC3d1ywnv/AAIOBVMtWU8+YO1upzRXEGmpCqTaA6be+ohRzEby8S85iO7AxuW2NujqP4GriJDKQfQu4aGJeKn+kNIJSP31MUabjXJbviBWGfD9ygMYz/vmNlX7l0GNsOJSpdDIv1CxLmdIMs2lbVi7q8SifqjqoW8SjXCPhQ4F1MaSfiGrZNawHMbQhlzKGsNDiJgpHQB7Q9DRYb+4JQFCoHo5fuF6DG0W0PEWyqWBFGCqxZLznUKwXF0I8GICvVMYno8xQUitD9S4f2gIsxAxLLUqLcQwOWBSBVbSt4PzHhuaCnAGMeZuLPp4mWpSlRDBjO4bO/UUIL8xy3V/uIKFZfzKBl8J5OxAgeJlRMZLFo1K2WspTLHEex1KSI933DLAvAbjvLomoC98xaJlB82uoNum3m5jH6guX8y3XoOIXMkfLY2q5QomGN3GbEDWbliUNgwQWZ4gj+aHj6E4rJ0QGqLlgqe4jsUcVd+Je0RcgOU0VqFOkoMc7+bgs9jcPBEeJRW1GqmmGHCER06qCmTFmkxxdQ4DEN2P8RNClRurSK4Fa461SDBl3F/TMjL11EeDTmOgjnuNSqQqfxLBU18EbCnnEyj9Mty8HmN6O4ajDTDlWOiADLz3KOqIRSK2l6ahhA6Cb+5QIQS6z1zDWKXjPMTaqaR7/uDPkcHuWZ6SU6HG4hyYhdpl4ad1EgFbXmN0ZOIOqrMRSGhSeWVhix3MgFuYA7xMQh8wqiL4OJhIBVPaNkm+WAUqfMAgL4llMIR15Qcl5hcOdsWPjcaLPq7iqEb6qUFjMXZryRcId3MIlIM73ScuXVZfLBG/AadErxUGn2e4xyaqV0g7I3zf1KboRlY+pvM8MBK0MoDwua9Ydx7znRBoBgU/2JixBTkmRX7jA7LutuX6sbG0TNA0cQUyOaLRtlOnEqT4i7lCvQOIRdNdLHwEh5gtoYQG0rgitQSUQfhjwT2oy8J6igFlLjguTibGVy8YjmNZoOOpVesgcBruDcgrEVDIqrnGLzK5sHUESbmABXdSt5NjfQTIcOSfQ4PqW+ALY37WXIyhcXhNe0cfccx0HEBsRei5RmhAEEBviWIqZ4Ig1RrOhleYldJ63guYQfOFE3Id2VBBB5EMGyuRCCApVJVmSu6TqgthAOZ6XAE4uCW83meRO2yofwCZl+kwgIMTm8MWVPLKMPS4MqzoblKQLzZHSV+CDoL1HKSsD+aFNPjO5gZ/cSjyDieCIAfccHbRa9Kio4sdB/uI2LiLO4CBmEZrCVfwR4gHcDuE4jacStY3CYUPuGiwr1GAa9MZf+5Q7rErz7jRG6SPEtw/AR/EYMK0ONtcIqK8tofuXSRoYGxCrsRKDB+4sqhCnNRrgRyGIlkUANy0PZF+YTxA4aBn4Z2o0YbSlUNW6OIQ3O4x35cw+VIF+8uBVbWF9wx+kj9I4h8JgF13GMKmNrLjy7TI+o6iVwV+h1Cq6DA4PoIw5jgvuLMxowwjq1OG4DQQUzLOpXCZcamF9wOHcGlzLhMaWWPE0vOfUtOKByvdf6jTEbrNHERRwAeE4lOOM24gA1oWCkHk+SdUWTSKhpsVD1CVdzTZmY2dK/uNCkaYPnqg19ytLPHMST6FJZb7GBpTaexgmvCuUD6Yg8vkhgpPHEA/xGoNSe63KmuwGkpDDGEPzFQewR64l/edlv8AqIXcw3LGoR9wxKLWDjZWurhbCD1XwYZnMZADWZVUH8zExb+oiCeg5vzMR4NdZv3MsijHJcomqEeeZrEd+4I3bipb9OM5I2VbQtHiY0RbsHiMgS4eYi8HuUaZIhisULVvuNwF+bldliGUiuGP4p+WBtDA/YTh/KMMX1pw17qBCl9LS/UZaqrZ9zNDTvmAczzz6ktv4H54iMpeskMXRcB2RdZRF2QwOiLhlFEzFTXf8S2/OA0Uxf3UA8sP5sP8xGKIn+ItbNJzM8gReSNhzYNZS+ziIqumwSVZ0+Tzji0U2oPmDDM9w6TMrvwVMGfZDRH1LOBD0TDkfU/CDll4fUyzMfbWpZ6+YsoqDvn/AKjt+0rOsRuZl2V+FkSsV8rNVDLc4FQwe4WowgRzl3BA7gs7QaanL3C24GF7lkNNJyLEehf+o2ltEs4FJLGCXhxcMNusEoxM4WI8VR2BlrQjLjKrlmIbE4INbbTmLCI1SalCTPxGusQGDHglkBV/gIQTyUL38RAhN5mhLJaxyusPMWPH9CbhE8zpGE5GnMUHjDCQT3EmRi1uZhhuaSYRPi4lwMd2QzjQZfLHg0VHSSKcBcJC8kaDU1vZUFWG46DGZePMUNzCamxJXUPL5b2R1KJcrKOC9wIvCB8osRx5sX9mOG+1luX8S1wvcY4i5ixZox15lZmpdxh5IyNWz9Q4hwLxBAYW+JWGYkEZRMZpNoxLDmKBgsv+wrE3YyWMqjuzGzcEushFUzHVuIi7OIsJaPmGagzzLFpfxKaBhEbK9R1NfE9CIxXKGSdxyizNSyLS50jqOPkOJcH41Fv4cU/DKUBMorBxzCoq5hFbjdgijF1KNslmXA/SKbWpbFLyM5Qb+Dgl2IuwjJ0wJ2Q5WcD6EFMJhyR5PojlO3LFRiWOJmZwxu9RsGaI0zXyzS475ii3844l/G8RcQ+HNKepkVPzDSj2IHSHomy5ZMMsSnMu8Pg8o70R5HMYsPrFuOWZAwMUgVYpBgnDcLJnMZo+RHuOO5zwxca1CjMFncLRYN/CnEKXMXhfk3H38FfB6nuFXicZlvEGEPDAeX4FEH4NTExcwDm4Hn4HFJfEopccY4bl0/D9wzRnvMQhk5qKtvkSAJB14lfgvMGFG4KsywyQs1AlH4i3n43NPirgaxLhQ5l/iEuVZiA3C4XzBuM0gczPEzxB4h4i/PwZI4gJmDv41+QjDq1X1LILjR1KRJnthsD6gLMMTokvCFOEuy1gqU/mZFRYV9xYosUt5iwg4+DXyfBS5VlwIAYV5lvLLuYKl53ChC5q52LihY/FNpwj+wTHy1FKL7C8woiPL/UeH8cALf8ACpnhL+S6zMUFiy2XFil/Dqcy/wCgi8TUGDj4CLuE1CkG34G8R0RpWYUqLp/UW8RzGReotncR50P1LIYHkgS0IahyntFwtMDk0QBdpLl5iy6Q8QcQZcXHcVRWXGM1LZcv45+F8QgwYbl38ENTaHwFzBhzGlTyRbE/YJyeP8TYAAwoVbL3fE/gQTfFHExCP//Z','admin',1,'2022-04-21 22:03:45','2023-03-01 12:05:33'),(67,'test','test@test.com','$2y$10$sl/aKLJKeJj/10G3EBA0quGw8BYedPkgUZ7SjpvLD9uw9VijbLg4C','data:image/png;base64,iVBORw0KGgoAAAANSUhEUgAAACAAAAAgCAYAAABzenr0AAAACXBIWXMAAoSIAANbYAExW0yVAAAAPklEQVRYw+3XsQ0AIAwDwd9/N5ggzGKyhZu39BHltYBzkHICBAgoA2ZPM96eZgIECCCHNCN3H8UECBDgr8h9GCGnDEJtKVEAAAAASUVORK5CYII=','admin',1,'2023-03-18 15:28:12','2023-03-18 19:01:50');
/*!40000 ALTER TABLE `users` ENABLE KEYS */;
UNLOCK TABLES;
/*!40103 SET TIME_ZONE=@OLD_TIME_ZONE */;

/*!40101 SET SQL_MODE=@OLD_SQL_MODE */;
/*!40014 SET FOREIGN_KEY_CHECKS=@OLD_FOREIGN_KEY_CHECKS */;
/*!40014 SET UNIQUE_CHECKS=@OLD_UNIQUE_CHECKS */;
/*!40101 SET CHARACTER_SET_CLIENT=@OLD_CHARACTER_SET_CLIENT */;
/*!40101 SET CHARACTER_SET_RESULTS=@OLD_CHARACTER_SET_RESULTS */;
/*!40101 SET COLLATION_CONNECTION=@OLD_COLLATION_CONNECTION */;
/*!40111 SET SQL_NOTES=@OLD_SQL_NOTES */;

-- Dump completed on 2023-04-03  9:00:22
